village_code,village_name,subdistrict,latitude,longitude,total_population,surface_water_exposure,road_connectivity_score,drainage_quality_score,elevation_m_EXTERNAL_TOFILL,slope_deg_EXTERNAL_TOFILL,drainage_density_km_per_km2_EXTERNAL_TOFILL,rainfall_1hr_intensity_mm_EXTERNAL_TOFILL,rainfall_3hr_intensity_mm_EXTERNAL_TOFILL,rainfall_24hr_intensity_mm_EXTERNAL_TOFILL,antecedent_rainfall_7day_mm_EXTERNAL_TOFILL,distance_to_vishwamitri_river_km_EXTERNAL_TOFILL,historical_cloudburst_flag_EXTERNAL_TOFILL,cloudburst_exceedance_probability_TARGET
521212,Alampura,Karjan,21.852286,73.21197,639.0,1,1,1,100.0,13.5,0.001,93.6,160.2,246.4,313.6,2.732,1,0.95
521189,Ranapur,Karjan,21.948871,73.255503,1166.0,1,2,1,102.5,13.95,0.001,94.8,162.2,249.6,308.6,0.501,1,0.95
521185,Latipur Timbi,Karjan,21.946091,73.184216,908.0,1,2,0,100.0,13.5,0.001,93.9,160.7,247.2,310.1,0.992,1,0.95
521005,Surajghoda,Dabhoi,22.067393,73.538224,77.0,0,2,0,95.0,12.6,0.002,93.6,160.2,246.4,307.6,0.943,1,0.937
521135,Kanabha,Karjan,22.0648,73.030688,1574.0,1,2,0,92.5,12.15,0.0,93.3,159.6,245.6,300.0,0.026,1,0.911
521141,Karamadi,Karjan,22.050547,73.08421,1763.0,1,2,0,90.0,11.7,0.0,93.9,160.7,247.2,304.5,1.438,1,0.9
521220,Vaniyad,Sinor,22.028989,73.401592,851.0,1,2,2,105.0,14.4,0.0,93.0,159.1,244.8,307.6,2.85,1,0.95
521206,Lilod,Karjan,21.882002,73.226019,1223.0,1,2,1,100.0,13.5,0.0,95.2,162.8,250.4,306.5,0.338,1,0.95
521097,Bhadara,Padra,22.141,73.033592,730.0,1,2,1,95.0,11.7,0.001,93.3,159.6,245.6,304.0,0.559,1,0.912
519880,Rabhipura,Vadodara Rural,22.168777,73.231734,619.0,1,1,0,87.5,12.15,0.001,93.6,160.2,246.4,301.5,0.034,1,0.899
519890,Meghakui,Vadodara Rural,22.138633,73.278804,1208.0,0,2,2,100.0,13.5,0.05,93.0,159.1,244.8,302.5,3.025,1,0.95
519858,Talsat,Vadodara Rural,22.238004,73.1711,1124.0,0,2,2,105.0,14.4,0.001,93.6,160.2,246.4,310.1,0.73,1,0.95
519835,Sisva,Vadodara Rural,22.397016,73.178636,2799.0,1,2,0,95.0,12.6,0.0,93.3,159.6,245.6,305.0,0.16,1,0.934
519884,Vadsala,Vadodara Rural,22.157934,73.174287,3156.0,1,1,1,97.5,13.05,0.001,93.9,160.7,247.2,304.0,1.727,1,0.95
519876,Hansajipura,Vadodara Rural,22.205196,73.260987,223.0,1,2,1,102.5,13.95,0.001,93.3,159.6,245.6,303.0,2.424,1,0.95
519861,Chikhodara,Vadodara Rural,22.233156,73.236326,1747.0,1,2,2,92.5,12.15,0.001,93.6,160.2,246.4,309.6,0.672,1,0.921
802597,Por Ramangamdi INA,Vadodara Rural,22.142991,73.180844,311.0,0,0,0,92.5,12.15,0.001,93.9,160.7,247.2,308.1,0.027,1,0.921
519915,Sama OG,Vadodara Rural,22.347302,73.207008,0.0,0,0,0,90.0,11.7,0.001,94.5,161.7,248.8,308.6,0.078,1,0.906
521151,Dhamanja,Karjan,21.998056,73.080688,890.0,1,2,0,90.0,11.7,0.001,93.9,160.7,247.2,303.5,0.347,1,0.899
521152,Lakodara,Karjan,21.995859,73.111902,1947.0,0,3,0,90.0,12.15,0.001,93.9,160.7,247.2,305.5,0.277,1,0.911
521162,Osalam,Karjan,21.991137,73.145019,1678.0,1,2,1,102.5,14.4,0.001,93.9,160.7,247.2,311.6,2.241,1,0.95
521112,Kotna,Padra,22.0948,72.981493,1214.0,1,2,1,95.0,12.6,0.0,93.3,159.6,245.6,307.6,0.706,1,0.936
521116,Kothwada,Padra,22.110103,73.07992,780.0,1,2,1,100.0,13.05,0.001,93.3,159.6,245.6,309.6,0.238,1,0.95
521113,Shahera,Padra,22.100724,73.017333,869.0,1,1,1,92.5,12.15,0.001,93.6,160.2,246.4,302.5,0.576,1,0.915
521117,Vasnaref,Padra,22.08068,72.97523,407.0,1,2,1,90.0,11.7,0.001,93.3,159.6,245.6,306.0,0.621,1,0.899
521119,Sokhdaraghu,Padra,22.064954,72.97663,2015.0,1,2,1,97.5,13.5,0.001,93.9,160.7,247.2,304.5,0.569,1,0.95
519899,Kashipura,Vadodara Rural,22.116365,73.166323,1117.0,1,2,2,95.0,12.6,0.001,93.6,160.2,246.4,305.0,2.125,1,0.935
519898,Sarar,Vadodara Rural,22.104863,73.149804,2480.0,1,2,2,95.0,12.6,0.001,93.6,160.2,246.4,308.1,0.991,1,0.938
251215,Karjan,Karjan,22.053736,73.127378,30405.0,0,0,0,25.0,0.2,0.0,45.6,78.0,120.0,238.0,1.909,0,0.388
520999,Mandala,Dabhoi,22.082633,73.328643,3427.0,1,3,2,90.0,11.7,0.001,93.0,159.1,244.8,303.5,0.407,1,0.895
520998,Parikha,Dabhoi,22.082741,73.291885,1131.0,1,2,2,90.0,0.2,0.001,45.6,78.0,120.0,238.0,1.065,0,0.391
520973,Nada,Dabhoi,22.131256,73.375066,1826.0,1,3,0,90.0,11.7,0.05,93.9,160.7,247.2,305.5,3.692,1,0.901
520979,Sejpura,Dabhoi,22.122262,73.298782,421.0,0,2,0,92.5,13.5,0.0,92.4,158.1,243.2,302.5,0.85,1,0.941
520982,Tharvasa,Dabhoi,22.112532,73.392616,731.0,1,3,0,92.5,11.7,0.0,93.9,160.7,247.2,307.0,2.08,1,0.909
520981,Baripura,Dabhoi,22.112979,73.33336,720.0,1,2,0,95.0,12.6,0.001,93.6,160.2,246.4,304.5,0.745,1,0.935
520980,Vakhatpura,Dabhoi,22.115875,73.315005,180.0,1,1,0,87.5,11.25,0.001,92.7,158.6,244.0,307.6,0.444,1,0.881
520991,Habipura,Dabhoi,22.106409,73.353946,1688.0,1,3,0,100.0,11.7,0.0,93.6,160.2,246.4,303.5,0.516,1,0.927
520978,Chhatral,Dabhoi,22.109304,73.290473,1170.0,1,2,2,92.5,12.15,0.0,93.3,159.6,245.6,300.5,0.123,1,0.912
520977,Khanpur,Dabhoi,22.11699,73.276368,918.0,1,2,1,97.5,13.05,0.0,93.3,159.6,245.6,303.0,1.494,1,0.95
520994,Menpura,Dabhoi,22.106381,73.232355,1048.0,0,2,2,100.0,13.5,0.001,94.2,161.2,248.0,312.6,1.938,1,0.95
520993,Kunvarpura,Dabhoi,22.102555,73.268697,482.0,1,0,1,92.5,12.6,0.001,93.6,160.2,246.4,305.5,1.298,1,0.928
521128,Bamangam,Karjan,22.103873,73.192831,1884.0,1,3,1,92.5,12.15,0.0,93.9,160.7,247.2,312.1,0.66,1,0.924
519905,Samsabad,Vadodara Rural,22.120986,73.265597,801.0,1,2,1,97.5,13.05,0.0,93.6,160.2,246.4,304.0,2.616,1,0.95
520987,Navi Mangrol,Dabhoi,22.095945,73.471121,394.0,1,2,0,85.0,10.8,0.001,93.6,160.2,246.4,303.5,0.615,1,0.864
521020,Manpur,Dabhoi,22.05,73.448552,371.0,0,2,0,87.5,11.25,0.0,93.9,160.7,247.2,311.6,0.109,1,0.889
521023,Akoti,Dabhoi,22.041523,73.490974,1091.0,1,3,0,97.5,13.05,0.002,93.9,160.7,247.2,303.5,1.888,1,0.95
521001,Sitpur,Dabhoi,22.08057,73.471272,1813.0,1,3,0,90.0,11.7,0.001,93.3,159.6,245.6,309.1,0.805,1,0.901
520989,Gamdi Kanayada,Dabhoi,22.095686,73.413239,981.0,1,2,0,92.5,12.15,0.001,93.6,160.2,246.4,307.6,0.214,1,0.919
521003,Dharmapura,Dabhoi,22.085604,73.534557,338.0,0,3,0,90.0,11.7,0.001,93.6,160.2,246.4,304.5,0.708,1,0.899
521012,Vadaj,Dabhoi,22.075049,73.438367,2266.0,0,2,2,97.5,13.05,0.0,93.6,160.2,246.4,308.6,1.769,1,0.95
521002,Bhilodiya,Dabhoi,22.079777,73.507412,1251.0,0,3,0,92.5,12.15,0.003,93.3,159.6,245.6,307.0,1.339,1,0.917
521000,Kanayada,Dabhoi,22.076657,73.405223,1421.0,0,2,0,100.0,13.5,0.001,92.7,158.6,244.0,311.1,1.893,1,0.95
521010,Chanwada,Dabhoi,22.064168,73.468113,1686.0,1,3,0,92.5,11.7,0.001,93.3,159.6,245.6,308.1,1.007,1,0.908
521004,Para,Dabhoi,22.072918,73.531128,211.0,0,2,0,90.0,11.7,0.002,93.3,159.6,245.6,305.5,0.009,1,0.898
521006,Asgol,Dabhoi,22.064052,73.533433,352.0,0,2,0,90.0,10.8,0.002,93.6,160.2,246.4,304.0,0.834,1,0.878
521007,Araniya,Dabhoi,22.058945,73.527337,417.0,1,2,0,87.5,11.25,0.002,93.9,160.7,247.2,303.5,0.537,1,0.882
521013,Ten Talav,Dabhoi,22.049604,73.413979,3013.0,1,2,2,105.0,14.85,0.0,93.3,159.6,245.6,310.6,1.94,1,0.95
521009,Asodara,Dabhoi,22.048387,73.5033,746.0,1,2,2,90.0,11.7,0.003,93.6,160.2,246.4,303.5,1.521,1,0.898
521008,Nagdol,Dabhoi,22.053618,73.516519,557.0,1,2,0,87.5,11.25,0.002,93.9,160.7,247.2,304.0,0.371,1,0.882
521011,Ordi,Dabhoi,22.050937,73.459476,742.0,1,2,0,85.0,10.8,0.001,93.3,159.6,245.6,305.5,0.614,1,0.865
521022,Paragam,Dabhoi,22.040225,73.47484,582.0,0,2,0,82.5,10.35,0.001,93.9,160.7,247.2,307.0,0.823,1,0.852
521021,Rajpura,Dabhoi,22.034954,73.452827,759.0,1,2,1,90.0,10.8,0.001,93.9,160.7,247.2,310.6,0.936,1,0.885
521026,Gumanpura,Dabhoi,22.027967,73.466711,365.0,1,1,0,90.0,11.7,0.001,93.6,160.2,246.4,301.0,0.641,1,0.896
521025,Bhumasiya,Dabhoi,22.029212,73.484929,427.0,0,2,0,92.5,12.15,0.001,93.3,159.6,245.6,304.5,0.439,1,0.915
521024,Sompura,Dabhoi,22.025399,73.498561,581.0,0,2,0,97.5,12.15,0.0,93.3,159.6,245.6,301.5,0.865,1,0.928
521030,Jesangpura,Dabhoi,22.019937,73.480743,102.0,0,2,0,92.5,12.15,0.0,93.6,160.2,246.4,303.0,0.578,1,0.915
521027,Sanor,Dabhoi,22.01772,73.454152,1258.0,1,2,0,110.0,15.3,0.001,93.3,159.6,245.6,307.6,1.511,1,0.95
521031,Bhalodra,Dabhoi,22.010556,73.493043,657.0,1,2,0,97.5,13.05,0.0,93.0,159.1,244.8,300.5,0.735,1,0.948
521028,Mandva,Dabhoi,22.001965,73.434328,2792.0,1,3,0,95.0,13.05,0.0,93.3,159.6,245.6,306.5,1.832,1,0.946
521033,Gamdi,Dabhoi,21.999967,73.472539,138.0,1,2,1,90.0,11.7,0.001,93.9,160.7,247.2,303.5,0.818,1,0.899
521029,Fulwadi,Dabhoi,22.007016,73.452339,593.0,0,3,0,102.5,13.5,0.001,93.3,159.6,245.6,307.6,2.135,1,0.95
521034,Chandod,Dabhoi,21.991799,73.460127,3019.0,1,3,1,92.5,12.15,0.001,93.9,160.7,247.2,304.0,1.168,1,0.917
521219,Nana Karala,Sinor,22.018617,73.417563,1173.0,1,1,2,107.5,14.4,0.05,93.6,160.2,246.4,307.0,3.755,1,0.95
521234,Satisana,Sinor,22.001769,73.406543,937.0,0,3,2,105.0,14.4,0.0,93.3,159.6,245.6,307.6,2.629,1,0.95
521032,Baglipura,Dabhoi,22.003732,73.504446,422.0,0,2,0,97.5,12.6,0.0,93.3,159.6,245.6,302.0,1.686,1,0.939
520985,Bhimpura Kukad,Dabhoi,22.139255,73.508042,1347.0,0,2,0,87.5,11.25,0.001,93.9,160.7,247.2,305.0,0.469,1,0.883
520984,Karnet,Dabhoi,22.114336,73.484308,2044.0,0,1,0,87.5,11.25,0.001,94.2,161.2,248.0,306.0,0.694,1,0.885
520983,Boriyad,Dabhoi,22.120655,73.460479,1024.0,1,2,2,95.0,12.15,0.001,93.3,159.6,245.6,308.1,2.601,1,0.926
520988,Dharmpuri,Dabhoi,22.10525,73.445468,1732.0,1,3,2,92.5,12.15,0.0,93.0,159.1,244.8,312.6,0.812,1,0.921
520986,Juni Mangrol,Dabhoi,22.104319,73.475881,475.0,1,2,0,90.0,12.15,0.001,93.9,160.7,247.2,306.0,0.574,1,0.911
251213,Dabhoi,Dabhoi,22.132821,73.43051,51240.0,0,0,0,92.5,12.15,0.0,93.6,160.2,246.4,309.1,2.806,1,0.92
521017,Kayavarohan,Dabhoi,22.075851,73.250283,8409.0,1,3,1,95.0,12.6,0.001,94.2,161.2,248.0,308.1,1.087,1,0.94
520995,Puniyad,Dabhoi,22.100616,73.213227,1544.0,1,2,2,97.5,13.05,0.001,94.2,161.2,248.0,311.6,0.73,1,0.95
520992,Kothara,Dabhoi,22.101065,73.306994,824.0,0,2,0,92.5,11.7,0.001,93.3,159.6,245.6,302.5,0.783,1,0.903
520990,Sathod,Dabhoi,22.088947,73.380113,3682.0,1,3,0,92.5,12.15,0.001,93.3,159.6,245.6,305.0,0.545,1,0.916
520997,Sultanpura,Dabhoi,22.081722,73.275647,559.0,0,2,0,95.0,12.6,0.001,94.2,161.2,248.0,304.5,0.556,1,0.937
520996,Fofaliya,Dabhoi,22.077858,73.207523,985.0,1,1,2,97.5,13.05,0.001,94.5,161.7,248.8,315.1,1.785,1,0.95
521015,Pisai,Dabhoi,22.065104,73.353468,1396.0,0,2,1,97.5,12.6,0.0,93.3,159.6,245.6,308.6,1.804,1,0.945
521014,Shirola,Dabhoi,22.056849,73.383541,1599.0,1,3,2,100.0,13.5,0.0,93.0,159.1,244.8,313.1,0.738,1,0.95
521016,Karmal,Dabhoi,22.058746,73.302368,1401.0,1,2,2,92.5,12.15,0.0,93.3,159.6,245.6,311.1,1.473,1,0.921
521018,Lingsthali,Dabhoi,22.042229,73.252039,1935.0,1,1,1,102.5,13.95,0.0,94.2,161.2,248.0,310.1,0.944,1,0.95
521019,Bananj,Dabhoi,22.024348,73.233382,835.0,1,2,0,97.5,13.05,0.0,94.2,161.2,248.0,308.1,2.609,1,0.95
521143,Dhanora,Karjan,22.081782,73.187754,741.0,1,2,1,95.0,12.6,0.001,93.6,160.2,246.4,312.6,1.787,1,0.942
521144,Gandhara,Karjan,22.053571,73.215055,1828.0,1,3,1,100.0,13.95,0.0,94.5,161.7,248.8,309.1,2.43,1,0.95
521145,Ganpatpura,Karjan,22.055872,73.196843,1466.0,0,3,1,102.5,13.95,0.0,94.5,161.7,248.8,311.1,1.483,1,0.95
521156,Dhavat,Karjan,22.033506,73.18218,2340.0,1,3,1,100.0,13.5,0.001,94.2,161.2,248.0,310.6,1.587,1,0.95
521157,Kurali,Karjan,22.024655,73.212051,1924.0,1,3,1,102.5,13.95,0.05,94.5,161.7,248.8,314.1,3.849,1,0.95
521158,Vemar,Karjan,22.001203,73.236051,2655.0,1,3,1,92.5,12.15,0.001,94.8,162.2,249.6,306.0,0.825,1,0.922
521160,Kasampur,Karjan,22.010784,73.197272,601.0,1,1,1,102.5,14.4,0.001,93.9,160.7,247.2,313.1,2.555,1,0.95
521159,Kothav,Karjan,22.000365,73.216065,998.0,0,2,1,107.5,14.85,0.001,93.9,160.7,247.2,310.1,1.8,1,0.95
521172,Nishaliya,Karjan,21.994476,73.203651,533.0,1,2,1,105.0,14.4,0.001,93.9,160.7,247.2,309.6,1.945,1,0.95
521171,Choranda,Karjan,21.988212,73.178437,3674.0,1,1,1,100.0,13.5,0.001,94.5,161.7,248.8,309.1,2.626,1,0.95
521217,Sandha,Sinor,22.051567,73.333742,714.0,0,1,2,97.5,13.05,0.0,93.6,160.2,246.4,306.5,2.664,1,0.95
521218,Damnagar,Sinor,22.048448,73.35436,587.0,1,2,0,90.0,11.7,0.05,93.3,159.6,245.6,306.0,3.085,1,0.899
521216,Garadi,Sinor,22.046886,73.313492,1223.0,0,2,2,97.5,13.05,0.0,93.3,159.6,245.6,310.6,2.705,1,0.95
521215,Nana Habipura,Sinor,22.045817,73.288605,771.0,1,2,2,92.5,12.15,0.0,94.5,161.7,248.8,309.1,2.197,1,0.924
521225,Achisara,Sinor,22.032329,73.319689,937.0,1,2,2,100.0,13.5,0.0,93.6,160.2,246.4,311.1,2.405,1,0.95
521222,Puniyad,Sinor,22.034808,73.362022,1426.0,1,1,2,92.5,12.15,0.0,93.9,160.7,247.2,309.1,1.594,1,0.922
521221,Anandi,Sinor,22.027457,73.377876,1470.0,1,2,2,97.5,13.5,0.0,93.3,159.6,245.6,307.0,2.147,1,0.95
521223,Bhekhada,Sinor,22.034538,73.340775,572.0,0,1,2,105.0,14.4,0.0,93.3,159.6,245.6,308.1,2.361,1,0.95
521214,Timbarva,Sinor,22.02638,73.271644,2047.0,1,2,2,102.5,13.5,0.05,93.9,160.7,247.2,310.1,3.403,1,0.95
521224,Chhanbhoi,Sinor,22.018022,73.343451,817.0,1,1,2,92.5,12.15,0.0,94.2,161.2,248.0,311.6,0.842,1,0.925
521231,Avakhal,Sinor,22.0029,73.3245,3162.0,0,3,2,92.5,12.15,0.001,93.6,160.2,246.4,310.6,0.371,1,0.922
521232,Malpur,Sinor,22.006701,73.353646,1179.0,1,3,2,102.5,13.95,0.0,93.0,159.1,244.8,312.6,0.713,1,0.95
521226,Tarva,Sinor,22.00933,73.267989,808.0,0,2,2,102.5,13.95,0.002,94.2,161.2,248.0,310.1,2.563,1,0.95
521233,Segva,Sinor,22.006763,73.374721,1414.0,0,3,2,100.0,13.5,0.0,93.6,160.2,246.4,311.1,2.3,1,0.95
521230,Sadhli,Sinor,21.990856,73.297683,6269.0,1,3,2,107.5,14.85,0.001,94.8,162.2,249.6,311.1,0.896,1,0.95
521108,Sampla,Padra,22.092733,72.917623,1449.0,1,2,1,92.5,12.15,0.001,93.9,160.7,247.2,307.6,1.565,1,0.92
521107,Shanpur,Padra,22.104415,72.950166,1367.0,0,2,1,92.5,12.15,0.0,93.0,159.1,244.8,305.0,0.232,1,0.914
521090,Kanzat,Padra,22.108455,72.889902,4659.0,1,3,1,95.0,12.6,0.001,93.9,160.7,247.2,306.0,0.487,1,0.937
521110,Bhanpur,Padra,22.090872,72.938779,801.0,1,2,1,95.0,12.6,0.001,93.3,159.6,245.6,308.6,0.787,1,0.937
521111,Vanchhara,Padra,22.075925,72.949723,1460.0,1,2,1,95.0,12.6,0.001,93.3,159.6,245.6,303.0,0.364,1,0.932
521109,Danoli,Padra,22.069706,72.919621,1017.0,1,2,1,92.5,12.15,0.001,93.3,159.6,245.6,308.1,2.303,1,0.918
521118,Nedra,Padra,22.052913,72.928131,1030.0,1,2,1,95.0,12.6,0.001,93.3,159.6,245.6,305.5,0.564,1,0.934
521227,Tinglod,Sinor,21.990449,73.25099,819.0,0,3,2,97.5,12.15,0.001,94.5,161.7,248.8,308.6,0.646,1,0.939
521122,Abhara,Karjan,22.088832,73.023087,1059.0,1,2,2,102.5,13.95,0.001,93.6,160.2,246.4,308.6,0.586,1,0.95
521142,Kandari,Karjan,22.080348,73.151713,4295.0,1,3,1,107.5,13.95,0.001,93.6,160.2,246.4,310.6,1.023,1,0.95
521132,Kurai,Karjan,22.077144,73.102052,1473.0,1,2,1,102.5,13.5,0.0,93.3,159.6,245.6,307.0,1.723,1,0.95
521134,Handod,Karjan,22.074506,73.054631,2095.0,0,2,0,92.5,12.15,0.0,93.6,160.2,246.4,309.6,1.707,1,0.921
521133,Khandha,Karjan,22.070567,73.073476,1362.0,1,2,0,92.5,12.6,0.0,93.0,159.1,244.8,306.0,1.451,1,0.926
521136,Chorbhuj,Karjan,22.061192,73.010019,1128.0,1,2,1,92.5,12.6,0.001,93.6,160.2,246.4,305.0,1.545,1,0.927
521123,Sambhoi,Karjan,22.107029,73.03894,1257.0,1,2,1,100.0,12.6,0.001,93.6,160.2,246.4,310.6,0.375,1,0.95
521124,Surwada,Karjan,22.107989,73.055006,1382.0,0,2,1,92.5,13.05,0.001,93.3,159.6,245.6,306.5,0.719,1,0.938
521121,Virjai,Karjan,22.100334,73.001793,1738.0,1,2,2,92.5,12.15,0.001,93.6,160.2,246.4,301.5,1.105,1,0.914
521126,Pingalwada,Karjan,22.108714,73.097279,1508.0,1,3,1,92.5,12.15,0.001,93.6,160.2,246.4,310.6,0.653,1,0.922
521127,Harsunda,Karjan,22.10727,73.123008,463.0,1,2,1,95.0,12.6,0.001,93.6,160.2,246.4,312.6,0.231,1,0.942
521125,Manpur,Karjan,22.098113,73.075975,1022.0,0,2,0,95.0,12.6,0.001,93.3,159.6,245.6,305.5,0.383,1,0.934
521131,Anastu,Karjan,22.086903,73.114773,1899.0,0,2,1,102.5,13.95,0.0,93.6,160.2,246.4,317.1,0.727,1,0.95
521129,Manglej,Karjan,22.094203,73.173107,1297.0,0,3,1,90.0,11.7,0.001,93.6,160.2,246.4,310.1,0.02,1,0.903
521130,Kherda,Karjan,22.092915,73.136272,1211.0,1,2,1,95.0,12.6,0.001,93.3,159.6,245.6,307.6,0.651,1,0.936
521137,Umaj,Karjan,22.055899,72.964382,1167.0,1,2,1,92.5,12.15,0.001,93.3,159.6,245.6,306.5,1.217,1,0.917
521146,Vemardi,Karjan,22.052172,73.172982,1212.0,0,3,1,105.0,14.4,0.0,93.6,160.2,246.4,314.6,1.006,1,0.95
521166,Mankan,Karjan,21.932658,73.069718,1792.0,1,2,1,100.0,13.5,0.001,93.3,159.6,245.6,304.5,1.228,1,0.95
521184,Sarupur Timbi,Karjan,21.929106,73.150558,768.0,1,2,1,102.5,13.95,0.001,94.2,161.2,248.0,308.1,0.274,1,0.95
521183,Saniyad,Karjan,21.923933,73.173165,1228.0,0,1,0,95.0,12.6,0.001,93.9,160.7,247.2,304.5,1.516,1,0.936
521163,Dethan,Karjan,21.977393,73.104835,2225.0,1,3,1,95.0,12.15,0.001,93.6,160.2,246.4,302.5,1.19,1,0.922
521164,Valan,Karjan,21.954884,73.075371,10182.0,0,3,1,95.0,12.15,0.001,93.9,160.7,247.2,307.0,0.656,1,0.927
521169,Atali,Karjan,21.963404,73.147394,1222.0,1,2,1,97.5,13.05,0.05,94.2,161.2,248.0,307.6,3.145,1,0.95
521170,Bachar,Karjan,21.962801,73.17002,1253.0,1,2,1,100.0,13.05,0.001,94.5,161.7,248.8,310.1,1.028,1,0.95
521168,Kiya,Karjan,21.957047,73.121666,1410.0,1,2,0,95.0,12.6,0.001,93.9,160.7,247.2,307.6,2.098,1,0.939
521176,Urad,Karjan,21.941814,73.159467,1073.0,1,2,1,97.5,13.05,0.001,94.2,161.2,248.0,309.6,0.87,1,0.95
521177,Koliyad,Karjan,21.927209,73.131173,2612.0,1,2,1,97.5,13.05,0.001,94.2,161.2,248.0,308.6,1.465,1,0.95
521167,Divi,Karjan,21.933756,73.116397,844.0,0,2,1,95.0,12.6,0.001,93.9,160.7,247.2,307.6,2.596,1,0.939
521165,Mesrad,Karjan,21.930546,73.021135,2174.0,1,2,1,102.5,13.95,0.0,93.3,159.6,245.6,310.6,0.757,1,0.95
521178,Sansrod,Karjan,21.912531,73.096947,5649.0,1,3,1,100.0,13.95,0.001,93.9,160.7,247.2,302.0,1.492,1,0.95
521182,Sanapura,Karjan,21.90548,73.145016,891.0,1,2,1,92.5,12.6,0.001,93.9,160.7,247.2,305.0,1.154,1,0.928
521181,Saring,Karjan,21.890801,73.129828,1731.0,1,2,1,97.5,13.05,0.001,93.9,160.7,247.2,308.6,1.773,1,0.95
521179,Haldarva,Karjan,21.896641,73.077939,2141.0,0,3,1,100.0,13.5,0.001,93.9,160.7,247.2,305.0,1.871,1,0.95
521195,Karan,Karjan,21.89618,73.168278,703.0,1,2,1,95.0,12.6,0.0,93.9,160.7,247.2,308.6,2.119,1,0.939
521180,Mantroj,Karjan,21.889077,73.10036,857.0,0,1,1,105.0,14.4,0.001,93.6,160.2,246.4,304.5,0.223,1,0.95
521196,Pachhiyapura,Karjan,21.894566,73.156396,1144.0,0,2,1,97.5,13.05,0.001,93.9,160.7,247.2,305.5,1.024,1,0.95
521197,Delvada,Karjan,21.877363,73.14759,504.0,1,2,1,97.5,13.05,0.0,94.5,161.7,248.8,308.6,0.584,1,0.95
521199,Arjanpura,Karjan,21.867865,73.164557,368.0,0,2,0,97.5,13.05,0.001,94.2,161.2,248.0,306.5,1.078,1,0.95
521198,Somaj,Karjan,21.868243,73.149303,230.0,1,2,1,95.0,12.6,0.001,93.9,160.7,247.2,311.1,1.083,1,0.942
521192,Samri,Karjan,21.935162,73.197469,1436.0,1,2,1,97.5,13.05,0.001,94.2,161.2,248.0,313.1,2.709,1,0.95
521173,Methi,Karjan,21.973103,73.221783,1076.0,0,2,0,97.5,13.05,0.001,95.2,162.8,250.4,308.6,0.844,1,0.95
521174,Chhanchhva,Karjan,21.973599,73.197097,727.0,1,2,1,97.5,13.05,0.001,94.5,161.7,248.8,308.6,0.113,1,0.95
521175,Kala,Karjan,21.949247,73.1791,1323.0,1,2,1,92.5,13.05,0.001,94.2,161.2,248.0,312.1,0.367,1,0.946
521187,Simli,Karjan,21.952537,73.220691,1682.0,1,2,1,97.5,13.05,0.002,93.9,160.7,247.2,308.6,1.488,1,0.95
521186,Kanthariya,Karjan,21.947104,73.19995,574.0,1,2,1,100.0,13.5,0.001,93.9,160.7,247.2,308.1,2.212,1,0.95
521188,Kothiya,Karjan,21.943,73.238991,1072.0,1,2,0,102.5,13.95,0.001,94.5,161.7,248.8,311.1,0.843,1,0.95
521190,Deroli,Karjan,21.935378,73.221769,581.0,1,2,0,107.5,14.85,0.001,94.8,162.2,249.6,304.5,1.034,1,0.95
521193,Samra,Karjan,21.918272,73.193568,936.0,1,2,0,97.5,13.05,0.05,93.9,160.7,247.2,305.5,3.06,1,0.95
521191,Fatepur,Karjan,21.918199,73.21762,668.0,1,2,0,97.5,13.95,0.001,94.8,162.2,249.6,305.5,0.678,1,0.95
521194,Sherpura,Karjan,21.905708,73.187584,238.0,0,2,0,92.5,12.15,0.05,94.8,162.2,249.6,307.6,3.651,1,0.924
521203,Kahona,Karjan,21.90302,73.210746,582.0,1,1,0,92.5,12.15,0.0,95.2,162.8,250.4,305.5,1.258,1,0.924
521140,Kambola,Karjan,22.040465,73.053253,1244.0,0,2,1,92.5,12.15,0.0,93.3,159.6,245.6,309.6,1.748,1,0.92
521202,Ropa,Karjan,21.890067,73.20414,729.0,1,2,0,100.0,13.5,0.0,94.5,161.7,248.8,305.0,1.983,1,0.95
521204,Hirjipura,Karjan,21.896063,73.215054,212.0,1,1,0,95.0,12.6,0.0,94.8,162.2,249.6,308.1,0.813,1,0.943
521201,Rarod,Karjan,21.873413,73.196423,1335.0,0,2,0,87.5,11.25,0.05,94.2,161.2,248.0,296.0,3.436,1,0.877
521200,Oz,Karjan,21.87564,73.180678,1616.0,0,2,1,95.0,12.6,0.0,94.2,161.2,248.0,306.0,2.402,1,0.938
521205,Bakapur,Karjan,21.890455,73.218039,114.0,1,1,1,100.0,13.5,0.0,91.5,156.5,240.8,306.5,0.622,1,0.95
521208,Malod,Karjan,21.875783,73.219811,587.0,1,1,0,100.0,13.5,0.0,94.2,161.2,248.0,305.5,1.277,1,0.95
521207,Sayar,Karjan,21.857272,73.234331,2364.0,1,2,1,100.0,13.5,0.001,94.2,161.2,248.0,314.1,1.034,1,0.95
521209,Sagdol,Karjan,21.861315,73.214469,1022.0,0,2,1,95.0,12.6,0.0,94.2,161.2,248.0,305.5,2.723,1,0.938
521210,Pura,Karjan,21.84658,73.185721,1149.0,1,2,0,102.5,14.4,0.0,93.9,160.7,247.2,311.6,1.525,1,0.95
521213,Nani Koral,Karjan,21.836794,73.222085,723.0,1,1,1,105.0,14.4,0.001,93.3,159.6,245.6,306.5,0.797,1,0.95
521211,Moti Koral,Karjan,21.835705,73.206877,2809.0,1,2,0,100.0,13.5,0.001,93.3,159.6,245.6,311.6,0.955,1,0.95
521235,Mota Karala,Sinor,21.985864,73.394809,1932.0,0,2,2,102.5,13.95,0.05,93.6,160.2,246.4,306.5,3.118,1,0.95
521236,Simli,Sinor,21.984892,73.361907,1695.0,0,3,2,97.5,13.5,0.0,93.9,160.7,247.2,309.1,1.356,1,0.95
521229,Utraj,Sinor,21.982802,73.275034,1851.0,1,3,2,102.5,13.95,0.0,94.8,162.2,249.6,307.0,0.901,1,0.95
521238,Tersa,Sinor,21.979599,73.329423,761.0,0,2,1,107.5,14.85,0.001,93.9,160.7,247.2,308.1,1.68,1,0.95
521239,Manjrol,Sinor,21.958358,73.313963,1903.0,1,2,0,97.5,13.05,0.0,94.5,161.7,248.8,307.6,0.228,1,0.95
521237,Kukas,Sinor,21.968984,73.339508,1885.0,0,2,2,100.0,13.05,0.0,94.2,161.2,248.0,309.1,0.487,1,0.95
521228,Bavaliya,Sinor,21.972337,73.245191,851.0,1,2,0,92.5,12.15,0.002,94.5,161.7,248.8,306.5,2.05,1,0.922
521244,Mota Fofaliya,Sinor,21.962219,73.372037,2235.0,0,3,2,105.0,14.4,0.0,92.7,158.6,244.0,308.1,2.326,1,0.95
521241,Diver,Sinor,21.948215,73.272071,1252.0,0,2,1,107.5,14.85,0.001,95.2,162.8,250.4,304.5,1.346,1,0.95
521240,Mindhol,Sinor,21.952392,73.295069,1517.0,0,3,2,105.0,12.6,0.001,94.8,162.2,249.6,304.0,0.238,1,0.95
521249,Kanjetha,Sinor,21.945834,73.354149,786.0,0,3,0,97.5,13.05,0.001,93.6,160.2,246.4,305.5,1.74,1,0.95
521253,Zanzad,Sinor,21.934401,73.397659,1418.0,0,2,1,105.0,14.4,0.0,93.6,160.2,246.4,308.6,1.923,1,0.95
521248,Ambali,Sinor,21.941445,73.383561,765.0,0,2,2,110.0,15.3,0.0,93.3,159.6,245.6,309.1,1.725,1,0.95
521243,Damapura,Sinor,21.938019,73.340071,692.0,0,3,0,102.5,13.95,0.001,94.2,161.2,248.0,307.0,2.048,1,0.95
521242,Surasamal,Sinor,21.935182,73.299184,1982.0,0,3,2,95.0,12.6,0.0,95.2,162.8,250.4,303.0,1.372,1,0.94
521250,Sinor,Sinor,21.913786,73.32889,8041.0,1,3,1,102.5,13.95,0.0,95.2,162.8,250.4,308.6,1.535,1,0.95
521251,Mandva,Sinor,21.916101,73.302506,1756.0,0,3,0,112.5,15.75,0.0,94.2,161.2,248.0,305.0,2.035,1,0.95
521252,Malsar,Sinor,21.900312,73.310124,2284.0,1,2,1,117.5,16.2,0.0,93.6,160.2,246.4,309.6,1.418,1,0.95
521139,Bodaka,Karjan,22.051885,73.042031,1292.0,1,2,0,97.5,13.05,0.0,93.3,159.6,245.6,309.1,0.945,1,0.95
521148,Juni Jitharadi,Karjan,22.036119,73.142535,1417.0,1,3,1,105.0,14.4,0.001,94.2,161.2,248.0,312.1,1.564,1,0.95
521149,Miyagam,Karjan,22.024358,73.081515,5416.0,1,3,1,95.0,12.6,0.001,93.9,160.7,247.2,306.0,1.155,1,0.937
521147,Navi Jithardi,Karjan,22.033466,73.159902,502.0,0,3,1,107.5,14.85,0.001,93.9,160.7,247.2,311.6,1.702,1,0.95
521138,Sanpa,Karjan,22.034048,73.012524,2120.0,0,2,1,90.0,11.7,0.0,93.6,160.2,246.4,307.0,2.008,1,0.901
521154,Bharthana,Karjan,22.010464,73.135645,1761.0,0,2,0,100.0,13.5,0.001,93.9,160.7,247.2,307.6,0.611,1,0.95
521037,Karnali,Dabhoi,21.984619,73.497232,2084.0,1,2,0,90.0,11.7,0.001,93.3,159.6,245.6,300.5,1.338,1,0.894
521035,Bhimpura,Dabhoi,21.987198,73.436545,232.0,1,2,0,95.0,13.05,0.0,93.9,160.7,247.2,306.5,0.197,1,0.948
521036,Nanderiya,Dabhoi,21.977089,73.428682,554.0,1,2,0,102.5,13.95,0.0,93.9,160.7,247.2,306.5,0.922,1,0.95
521245,Bithali,Sinor,21.968351,73.408341,1045.0,0,2,2,100.0,13.5,0.0,93.0,159.1,244.8,310.1,2.555,1,0.95
521246,Dariapura,Sinor,21.961805,73.426855,315.0,0,2,0,107.5,14.85,0.0,93.6,160.2,246.4,306.0,1.315,1,0.95
521247,Moletha,Sinor,21.942678,73.417418,1402.0,1,2,2,105.0,14.4,0.001,94.2,161.2,248.0,301.0,2.515,1,0.95
521254,Barkal,Sinor,21.926138,73.414838,1896.0,1,0,1,115.0,16.2,0.001,93.0,159.1,244.8,306.5,1.342,1,0.95
521150,Mangrol,Karjan,22.010746,73.042253,1485.0,0,3,0,95.0,12.6,0.001,93.9,160.7,247.2,308.1,0.767,1,0.939
521153,Vadava,Karjan,22.016245,73.117332,63.0,1,2,0,97.5,13.05,0.001,93.9,160.7,247.2,308.6,0.611,1,0.95
521155,Bharthali,Karjan,22.012236,73.158012,697.0,1,2,0,102.5,13.95,0.001,93.9,160.7,247.2,310.6,0.26,1,0.95
521161,Sandarna,Karjan,22.009674,73.171879,621.0,1,2,1,107.5,14.85,0.001,93.6,160.2,246.4,313.1,0.632,1,0.95
521053,Majatan,Padra,22.200015,72.946778,3288.0,1,2,1,100.0,13.5,0.0,92.7,158.6,244.0,312.6,1.851,1,0.95
521068,Sandha,Padra,22.195533,72.9519,2600.0,1,2,1,97.5,13.05,0.0,92.4,158.1,243.2,308.1,1.412,1,0.95
521051,Dudhwada,Padra,22.188995,72.88756,1854.0,1,2,1,90.0,11.7,0.001,93.0,159.1,244.8,304.0,1.525,1,0.896
521069,Chitral,Padra,22.181074,72.94459,1728.0,0,1,1,105.0,14.4,0.001,92.4,158.1,243.2,311.6,0.343,1,0.95
521073,Gavasad,Padra,22.157491,72.945741,3613.0,1,3,1,95.0,12.6,0.001,93.6,160.2,246.4,308.6,0.205,1,0.938
521070,Brahmanvasi,Padra,22.156645,72.87854,2175.0,1,2,1,95.0,12.6,0.001,93.3,159.6,245.6,303.5,1.139,1,0.933
521072,Gametha,Padra,22.158279,72.921893,3759.0,1,2,1,95.0,12.6,0.002,93.6,160.2,246.4,306.0,2.255,1,0.936
521071,Masar,Padra,22.138,72.902181,3552.0,1,3,1,92.5,12.15,0.001,88.5,151.3,232.8,302.5,0.556,1,0.894
521089,Kural,Padra,22.135169,72.92693,2659.0,1,3,1,95.0,12.6,0.001,93.0,159.1,244.8,305.5,2.358,1,0.933
521092,Pindapa,Padra,22.118469,72.939888,1572.0,1,2,1,97.5,13.05,0.001,93.0,159.1,244.8,309.1,1.529,1,0.95
521091,Abhor,Padra,22.113757,72.911893,2304.0,1,3,1,92.5,12.15,0.001,93.9,160.7,247.2,304.0,0.455,1,0.917
521038,Mahmadpura,Padra,22.291407,72.940406,1481.0,1,2,1,90.0,11.7,0.001,86.6,148.2,228.0,318.6,0.774,1,0.883
521047,Dabka,Padra,22.256706,72.942834,7345.0,1,2,1,90.0,11.7,0.001,91.8,157.0,241.6,311.6,0.766,1,0.898
521046,Sultanpura,Padra,22.262225,72.953614,892.0,1,2,1,85.0,11.25,0.001,88.5,151.3,232.8,307.0,0.158,1,0.856
521050,Tithor,Padra,22.236859,72.879837,4916.0,1,1,1,25.0,0.2,0.05,45.6,78.0,120.0,238.0,4.786,0,0.388
521048,Pavda,Padra,22.236162,72.947623,2113.0,1,2,1,97.5,13.05,0.001,94.5,161.7,248.8,305.5,1.983,1,0.95
521049,Chokari,Padra,22.224893,72.932033,8884.0,1,1,1,97.5,13.05,0.0,94.5,161.7,248.8,303.5,2.802,1,0.95
521052,Karkhadi,Padra,22.211761,72.909747,4791.0,1,2,1,92.5,12.15,0.05,93.6,160.2,246.4,304.0,3.811,1,0.916
521066,Vadu,Padra,22.209616,72.986248,9626.0,0,3,1,97.5,13.05,0.0,93.0,159.1,244.8,301.0,2.512,1,0.948
521082,Chansad,Padra,22.205561,73.144045,2775.0,1,2,1,90.0,11.7,0.001,93.3,159.6,245.6,301.5,1.688,1,0.895
521064,Ranu,Padra,22.211772,73.031885,6092.0,0,2,1,100.0,14.4,0.0,93.9,160.7,247.2,304.0,1.002,1,0.95
521065,Bhoj,Padra,22.193754,73.008189,7072.0,1,2,1,90.0,11.7,0.001,93.9,160.7,247.2,309.1,1.839,1,0.904
521079,Sejakuva,Padra,22.198411,73.068203,2343.0,1,2,1,85.0,12.15,0.001,93.0,159.1,244.8,306.0,1.441,1,0.892
521078,Pipli,Padra,22.2017,73.053223,2046.0,1,1,1,95.0,12.15,0.001,93.6,160.2,246.4,305.5,1.373,1,0.925
521081,Sareja,Padra,22.203683,73.113123,10.0,0,0,1,92.5,12.15,0.001,93.0,159.1,244.8,303.5,0.151,1,0.913
521080,Goriyad,Padra,22.196894,73.091538,1943.0,1,3,1,87.5,11.25,0.001,93.0,159.1,244.8,304.0,0.641,1,0.879
521067,Vishrampura,Padra,22.193413,72.967121,2997.0,1,2,1,90.0,11.7,0.0,92.4,158.1,243.2,306.5,1.694,1,0.896
521083,Madapur,Padra,22.186936,73.111059,865.0,1,2,1,92.5,12.15,0.001,93.6,160.2,246.4,301.5,0.793,1,0.914
521076,Karnakuva,Padra,22.187439,72.979074,1289.0,0,3,1,95.0,13.05,0.0,93.3,159.6,245.6,307.0,0.685,1,0.946
521077,Vadadla,Padra,22.188515,73.028952,927.0,1,2,1,90.0,11.7,0.0,93.6,160.2,246.4,306.0,0.667,1,0.9
521085,Sadhi,Padra,22.161574,73.052519,3794.0,1,2,1,92.5,12.15,0.001,93.6,160.2,246.4,303.5,1.016,1,0.916
521084,Amla,Padra,22.163586,73.07259,2129.0,1,2,1,85.0,10.8,0.001,93.0,159.1,244.8,303.0,1.323,1,0.861
521098,Saras Vani,Padra,22.172324,73.097141,2305.0,1,3,1,90.0,11.7,0.001,93.6,160.2,246.4,300.5,0.645,1,0.895
521074,Lola,Padra,22.177699,72.962268,1535.0,1,2,1,92.5,13.05,0.001,93.3,159.6,245.6,309.6,0.853,1,0.94
521099,Shihor,Padra,22.173503,73.125801,915.0,1,2,1,92.5,12.15,0.001,93.3,159.6,245.6,308.1,0.053,1,0.918
521075,Muval,Padra,22.170072,72.975278,4164.0,1,2,1,95.0,12.6,0.001,93.3,159.6,245.6,302.0,0.673,1,0.931
521086,Anti,Padra,22.165322,73.0332,5055.0,1,2,1,90.0,12.15,0.001,93.6,160.2,246.4,306.5,0.112,1,0.91
521087,Rajupura,Padra,22.168519,73.012009,1185.0,1,0,1,87.5,12.15,0.001,93.3,159.6,245.6,305.5,1.985,1,0.901
521088,Jalalpur,Padra,22.161426,72.996259,2069.0,1,2,1,92.5,11.7,0.0,93.3,159.6,245.6,304.0,2.464,1,0.904
521100,Thikariya Mubarak,Padra,22.156815,73.117238,425.0,1,2,1,92.5,12.15,0.002,93.3,159.6,245.6,305.5,0.157,1,0.916
521096,Ambada,Padra,22.148851,73.018604,1021.0,1,2,1,92.5,11.7,0.001,93.0,159.1,244.8,301.0,2.156,1,0.901
521101,Virpur,Padra,22.145269,73.103502,310.0,1,3,1,97.5,13.05,0.001,92.7,158.6,244.0,308.6,0.008,1,0.95
521095,Kalyankui,Padra,22.14601,73.000385,627.0,1,2,1,90.0,11.7,0.0,93.0,159.1,244.8,306.5,2.51,1,0.898
521093,Mobha,Padra,22.132009,72.969914,4796.0,1,2,1,92.5,12.15,0.001,93.3,159.6,245.6,303.5,1.41,1,0.914
521104,Bhadari,Padra,22.131602,73.046963,1111.0,1,1,1,90.0,11.7,0.001,93.6,160.2,246.4,304.5,0.537,1,0.899
521094,Sadra,Padra,22.129314,72.989277,2275.0,1,2,1,92.5,12.15,0.0,92.7,158.6,244.0,304.0,1.529,1,0.912
521102,Medhad,Padra,22.130513,73.090522,695.0,1,3,1,95.0,12.6,0.002,93.6,160.2,246.4,312.6,0.097,1,0.942
521105,Gayapura,Padra,22.128234,73.022714,581.0,0,1,1,97.5,13.05,0.001,92.7,158.6,244.0,302.0,0.632,1,0.948
521103,Husepur,Padra,22.125176,73.075912,709.0,1,1,1,97.5,12.6,0.002,93.0,159.1,244.8,302.5,1.012,1,0.938
521106,Kanda,Padra,22.124838,73.006094,763.0,1,2,1,95.0,12.6,0.0,92.7,158.6,244.0,305.0,0.494,1,0.931
521115,Sadad,Padra,22.114914,73.061825,727.0,1,0,1,87.5,11.25,0.001,93.6,160.2,246.4,303.5,0.183,1,0.881
521114,Thikariya Math,Padra,22.118614,73.022857,329.0,1,1,1,90.0,11.7,0.001,93.0,159.1,244.8,302.0,0.854,1,0.894
519872,Khalipur,Vadodara Rural,22.204744,73.165883,1054.0,0,2,0,92.5,12.15,0.001,93.6,160.2,246.4,305.0,0.214,1,0.917
519882,Karali,Vadodara Rural,22.173667,73.153527,1075.0,1,0,1,92.5,12.15,0.001,93.3,159.6,245.6,304.5,0.84,1,0.915
519883,Itola,Vadodara Rural,22.15177,73.142673,3600.0,1,2,2,95.0,12.6,0.001,93.6,160.2,246.4,304.0,1.04,1,0.934
519895,Raman Gamdi,Vadodara Rural,22.128858,73.171689,559.0,1,2,2,25.0,0.2,0.001,45.6,78.0,120.0,238.0,0.726,0,0.388
519896,Gosindra,Vadodara Rural,22.127304,73.126298,1021.0,1,0,0,92.5,12.15,0.001,93.3,159.6,245.6,304.5,0.437,1,0.915
519897,Untiya Medhad,Vadodara Rural,22.117336,73.107781,733.0,1,2,2,97.5,12.15,0.002,93.6,160.2,246.4,305.0,0.305,1,0.932
520921,Mahmadpura,Dabhoi,22.216605,73.282351,539.0,0,2,0,97.5,12.6,0.001,93.3,159.6,245.6,306.0,0.572,1,0.943
520922,Palaswada,Dabhoi,22.209198,73.299901,1447.0,1,3,0,90.0,11.7,0.001,91.8,157.0,241.6,307.0,1.866,1,0.894
520938,Kaddhara,Dabhoi,22.206892,73.373629,985.0,0,2,2,100.0,13.05,0.001,93.0,159.1,244.8,310.1,1.577,1,0.95
520920,Mosampura,Dabhoi,22.206209,73.27003,313.0,1,2,0,97.5,13.05,0.0,92.7,158.6,244.0,307.6,1.873,1,0.95
520930,Valipura,Dabhoi,22.207937,73.317144,437.0,1,2,0,95.0,12.6,0.001,92.4,158.1,243.2,303.0,1.762,1,0.929
520937,Kaddharapura,Dabhoi,22.211852,73.35813,458.0,0,2,0,100.0,13.5,0.001,92.4,158.1,243.2,311.6,0.034,1,0.95
520929,Bhavpura,Dabhoi,22.207408,73.328601,350.0,0,2,0,95.0,12.6,0.001,93.0,159.1,244.8,300.5,1.285,1,0.929
520940,Karali,Dabhoi,22.202326,73.400652,605.0,1,3,0,90.0,12.15,0.001,93.0,159.1,244.8,309.6,0.503,1,0.911
520936,Abdalapura,Dabhoi,22.200262,73.353441,479.0,1,2,1,100.0,13.5,0.001,92.4,158.1,243.2,309.6,0.777,1,0.95
520935,Vayadpur,Dabhoi,22.198432,73.342671,943.0,0,1,0,97.5,13.05,0.001,93.0,159.1,244.8,304.0,0.518,1,0.95
520931,Kundhela,Dabhoi,22.188539,73.281796,2513.0,1,2,1,95.0,12.6,0.001,92.4,158.1,243.2,305.5,1.73,1,0.931
520952,Gojali,Dabhoi,22.190698,73.378433,565.0,1,2,2,95.0,12.6,0.001,93.3,159.6,245.6,310.1,0.297,1,0.938
520934,Bhilapur,Dabhoi,22.192919,73.325929,2290.0,1,3,1,100.0,13.5,0.001,93.0,159.1,244.8,305.0,0.968,1,0.95
520953,Banaiya,Dabhoi,22.184445,73.35092,338.0,1,2,0,87.5,11.25,0.001,93.3,159.6,245.6,306.5,0.569,1,0.882
520951,Vasai,Dabhoi,22.173534,73.392085,1860.0,1,3,0,92.5,12.15,0.001,93.6,160.2,246.4,305.5,0.53,1,0.917
520932,Baherampura,Dabhoi,22.176949,73.301674,514.0,1,2,0,95.0,12.6,0.001,93.0,159.1,244.8,299.5,0.446,1,0.928
520933,Navapur,Dabhoi,22.181324,73.316668,356.0,1,1,0,95.0,12.6,0.001,93.3,159.6,245.6,302.0,0.163,1,0.931
520958,Ambav,Dabhoi,22.163756,73.364609,851.0,0,2,2,100.0,13.05,0.001,93.6,160.2,246.4,304.5,2.263,1,0.95
520959,Puda,Dabhoi,22.17066,73.375582,858.0,1,2,0,92.5,11.25,0.001,93.3,159.6,245.6,303.5,0.913,1,0.893
520957,Thuvavi,Dabhoi,22.160641,73.341034,2651.0,0,2,2,100.0,13.5,0.001,93.0,159.1,244.8,310.1,0.608,1,0.95
520954,Rajli,Dabhoi,22.165455,73.323543,789.0,1,2,2,100.0,13.5,0.001,92.4,158.1,243.2,307.6,0.558,1,0.95
520955,Anguthan,Dabhoi,22.159431,73.3033,1177.0,1,2,2,100.0,14.4,0.001,93.3,159.6,245.6,303.5,0.612,1,0.95
520960,Hansapura,Dabhoi,22.153796,73.382468,430.0,0,2,0,90.0,11.7,0.0,93.6,160.2,246.4,305.5,1.811,1,0.9
520961,Kajapur,Dabhoi,22.154333,73.39991,694.0,1,3,2,90.0,11.7,0.0,93.3,159.6,245.6,311.6,0.224,1,0.904
520972,Vega,Dabhoi,22.14562,73.385446,852.0,1,3,1,90.0,11.7,0.0,93.3,159.6,245.6,307.0,1.96,1,0.9
520974,Borbar,Dabhoi,22.136422,73.338357,1149.0,1,2,0,95.0,12.6,0.0,93.3,159.6,245.6,304.0,1.587,1,0.933
520956,Nariya,Dabhoi,22.138527,73.302603,1139.0,1,2,0,105.0,14.4,0.001,92.4,158.1,243.2,304.5,1.927,1,0.95
520971,Fartikui,Dabhoi,22.141432,73.372255,877.0,1,3,2,95.0,12.6,0.05,93.9,160.7,247.2,304.5,3.384,1,0.936
520975,Thikariya,Dabhoi,22.129972,73.310806,278.0,0,2,0,92.5,12.15,0.001,93.0,159.1,244.8,305.0,1.704,1,0.914
520976,Dangikuva,Dabhoi,22.127059,73.277309,389.0,1,2,0,110.0,15.3,0.0,92.1,157.6,242.4,303.5,2.236,1,0.95
519871,Mujar Gamdi,Vadodara Rural,22.208463,73.208264,494.0,0,2,1,92.5,11.7,0.001,93.6,160.2,246.4,303.5,1.614,1,0.905
519870,Vora Gamdi,Vadodara Rural,22.212751,73.219301,688.0,0,2,2,90.0,11.7,0.001,93.3,159.6,245.6,304.0,1.202,1,0.897
519869,Dhaniyavi,Vadodara Rural,22.206285,73.249285,2353.0,1,2,2,102.5,13.95,0.001,93.3,159.6,245.6,302.5,2.303,1,0.95
519873,Varnama,Vadodara Rural,22.180305,73.185476,4251.0,0,2,2,95.0,12.6,0.0,93.9,160.7,247.2,313.1,1.62,1,0.943
519874,Sundarpura,Vadodara Rural,22.184391,73.218524,1267.0,1,2,2,105.0,14.4,0.0,93.6,160.2,246.4,303.0,1.944,1,0.95
519877,Raghavpura,Vadodara Rural,22.186983,73.262388,850.0,1,2,2,97.5,13.05,0.0,94.2,161.2,248.0,304.5,0.896,1,0.95
519879,Patarveni,Vadodara Rural,22.173582,73.25714,721.0,1,2,2,95.0,12.6,0.0,93.6,160.2,246.4,306.5,0.514,1,0.936
519875,Shahpura,Vadodara Rural,22.177526,73.236638,493.0,1,2,0,95.0,13.05,0.0,94.2,161.2,248.0,303.5,0.256,1,0.947
519878,Samaspura,Vadodara Rural,22.177009,73.265683,961.0,1,2,2,97.5,12.6,0.0,94.2,161.2,248.0,309.6,0.008,1,0.949
519887,Hansapura,Vadodara Rural,22.163973,73.244571,308.0,1,2,1,95.0,12.6,0.001,93.9,160.7,247.2,304.5,1.366,1,0.936
519888,Mastupur Gamdi,Vadodara Rural,22.163233,73.277417,430.0,1,2,1,105.0,14.4,0.001,92.7,158.6,244.0,304.0,1.072,1,0.95
519881,Fatepura,Vadodara Rural,22.166403,73.223225,278.0,0,1,0,97.5,12.6,0.001,93.6,160.2,246.4,306.0,0.114,1,0.944
519892,Ajitpura,Vadodara Rural,22.153972,73.234141,190.0,1,2,0,92.5,12.15,0.001,93.6,160.2,246.4,301.0,1.132,1,0.913
519886,Kajapur,Vadodara Rural,22.156066,73.213603,462.0,1,2,1,97.5,13.05,0.001,93.9,160.7,247.2,299.0,0.375,1,0.95
519891,Salad,Vadodara Rural,22.148334,73.2608,1501.0,1,2,2,100.0,13.5,0.001,93.6,160.2,246.4,307.6,1.224,1,0.95
519885,Untiya Kajapur,Vadodara Rural,22.151983,73.198403,313.0,1,3,1,95.0,12.6,0.001,93.6,160.2,246.4,303.5,0.899,1,0.934
519889,Kandkoi,Vadodara Rural,22.152256,73.280713,155.0,0,2,1,107.5,14.85,0.001,92.4,158.1,243.2,304.5,2.288,1,0.95
519893,Dolatpura,Vadodara Rural,22.145677,73.218235,82.0,1,2,0,95.0,12.15,0.001,93.9,160.7,247.2,302.5,0.522,1,0.923
519894,Por,Vadodara Rural,22.134139,73.195065,7342.0,1,2,2,90.0,11.7,0.001,93.9,160.7,247.2,306.0,0.603,1,0.901
519900,Ankhi,Vadodara Rural,22.129567,73.203911,1179.0,1,2,2,92.5,11.7,0.001,93.9,160.7,247.2,301.5,1.27,1,0.905
519903,Rasulpur,Vadodara Rural,22.140617,73.233564,68.0,1,2,1,100.0,13.5,0.001,93.6,160.2,246.4,306.0,0.347,1,0.95
519904,Runvad,Vadodara Rural,22.127215,73.239275,1400.0,1,2,2,95.0,12.6,0.0,94.2,161.2,248.0,302.5,1.37,1,0.935
519902,Ramnath,Vadodara Rural,22.134989,73.223695,1239.0,1,2,2,92.5,12.15,0.001,93.9,160.7,247.2,304.5,1.031,1,0.918
519901,Fajalpur Ankhi,Vadodara Rural,22.123439,73.221401,579.0,1,2,2,100.0,13.05,0.001,93.9,160.7,247.2,307.6,2.324,1,0.95
521039,Jaspur,Padra,22.286455,73.060154,7658.0,1,2,1,90.0,11.7,0.001,93.9,160.7,247.2,308.6,2.142,1,0.903
521043,Umaraya,Padra,22.268181,73.02998,4115.0,1,2,1,97.5,12.6,0.001,93.6,160.2,246.4,307.0,1.519,1,0.945
521041,Tajpura,Padra,22.266245,73.069227,1720.0,1,2,1,107.5,14.85,0.0,93.3,159.6,245.6,308.6,2.688,1,0.95
521042,Luna,Padra,22.26456,73.049273,2739.0,1,2,1,90.0,12.6,0.05,93.3,159.6,245.6,308.1,3.248,1,0.921
521040,Sangma,Padra,22.264793,73.087969,3096.0,1,3,1,105.0,14.4,0.001,93.0,159.1,244.8,306.5,2.153,1,0.95
521044,Ekalbara,Padra,22.256383,73.017797,4435.0,1,3,1,95.0,13.5,0.001,93.3,159.6,245.6,306.0,1.567,1,0.95
521045,Mujpur,Padra,22.245552,72.992466,9410.0,1,2,1,97.5,13.5,0.001,94.2,161.2,248.0,310.1,1.39,1,0.95
521058,Dabhasa,Padra,22.23737,73.038788,8337.0,1,3,1,95.0,12.6,0.0,93.3,159.6,245.6,306.0,2.848,1,0.935
521059,Sokhdakhurd,Padra,22.244837,73.11375,2139.0,1,2,1,97.5,13.5,0.001,93.9,160.7,247.2,307.0,0.774,1,0.95
521057,Mahuvad,Padra,22.234796,73.013282,2564.0,1,3,1,102.5,13.95,0.05,93.0,159.1,244.8,305.0,3.495,1,0.95
521061,Darapura,Padra,22.228044,73.106676,3032.0,1,2,1,87.5,11.25,0.0,93.3,159.6,245.6,301.0,0.815,1,0.877
521060,Patod,Padra,22.225549,73.120499,2479.0,1,2,1,87.5,11.25,0.0,93.9,160.7,247.2,303.0,0.61,1,0.881
521055,Narsipura,Padra,22.229941,72.973697,3447.0,1,2,1,97.5,13.05,0.001,93.3,159.6,245.6,306.5,2.452,1,0.95
521056,Dhobikuwa,Padra,22.22517,73.002439,3392.0,1,2,1,100.0,13.5,0.05,93.3,159.6,245.6,305.5,3.864,1,0.95
521063,Latipura,Padra,22.222343,73.058454,2702.0,0,2,1,92.5,12.6,0.001,93.6,160.2,246.4,306.0,1.698,1,0.928
521062,Ghayaj,Padra,22.219221,73.082331,2667.0,1,3,1,92.5,12.15,0.001,93.3,159.6,245.6,304.0,0.541,1,0.915
521054,Somjipura,Padra,22.215018,72.968122,2480.0,1,2,1,100.0,13.5,0.05,92.4,158.1,243.2,307.0,3.852,1,0.95
519844,Sindhrot,Vadodara Rural,22.328932,73.071113,7027.0,1,3,2,90.0,11.25,0.001,94.2,161.2,248.0,300.0,0.615,1,0.887
519842,Ankodiya,Vadodara Rural,22.334255,73.122831,4608.0,1,2,2,102.5,13.95,0.001,93.6,160.2,246.4,307.6,1.283,1,0.95
519825,Rayaka,Vadodara Rural,22.439928,73.10356,1981.0,1,3,2,95.0,12.15,0.001,93.9,160.7,247.2,302.5,1.97,1,0.923
519826,Sankarda,Vadodara Rural,22.433457,73.127512,7460.0,0,2,2,92.5,12.15,0.001,93.9,160.7,247.2,303.0,0.706,1,0.916
519828,Sokhda,Vadodara Rural,22.424976,73.16211,12610.0,1,2,1,95.0,11.7,0.002,93.6,160.2,246.4,304.5,1.726,1,0.913
519829,Padmala,Vadodara Rural,22.415159,73.132252,5446.0,1,3,2,95.0,12.6,0.001,93.6,160.2,246.4,303.5,1.325,1,0.934
519832,Ajod,Vadodara Rural,22.40144,73.158016,2661.0,1,2,2,100.0,0.2,0.001,45.6,78.0,120.0,238.0,1.963,0,0.391
519831,Anagadh,Vadodara Rural,22.373755,73.080302,14780.0,0,2,2,92.5,12.15,0.001,94.2,161.2,248.0,308.6,0.098,1,0.922
519836,Dhanora,Vadodara Rural,22.379574,73.097867,4006.0,1,2,2,90.0,11.7,0.001,93.9,160.7,247.2,307.0,1.065,1,0.902
519837,Kotna,Vadodara Rural,22.359605,73.058884,2902.0,1,2,2,92.5,12.15,0.001,94.2,161.2,248.0,306.5,1.13,1,0.92
519848,Khanpur,Vadodara Rural,22.318836,73.118396,1466.0,1,3,2,25.0,0.2,0.001,45.6,78.0,120.0,238.0,0.822,0,0.388
519843,Sherkhi,Vadodara Rural,22.33714,73.093718,9464.0,0,3,2,105.0,14.4,0.001,93.3,159.6,245.6,306.0,1.714,1,0.95
519859,Chapad,Vadodara Rural,22.229309,73.156898,2419.0,1,2,2,95.0,12.6,0.001,93.6,160.2,246.4,304.5,0.748,1,0.935
519846,Ampad,Vadodara Rural,22.303464,73.085825,1610.0,0,2,2,90.0,12.15,0.001,93.6,160.2,246.4,309.1,1.537,1,0.913
519847,Mahapura,Vadodara Rural,22.302753,73.103757,1601.0,1,2,2,102.5,13.95,0.0,93.3,159.6,245.6,304.5,0.686,1,0.95
519845,Hinglot,Vadodara Rural,22.293659,73.078092,1057.0,1,2,2,97.5,13.05,0.001,93.9,160.7,247.2,306.5,1.694,1,0.95
519851,Raypura,Vadodara Rural,22.279864,73.09255,5619.0,0,2,2,95.0,12.6,0.0,93.0,159.1,244.8,304.0,1.848,1,0.932
519852,Gokalpura,Vadodara Rural,22.266038,73.114605,1032.0,1,3,2,102.5,13.5,0.001,93.0,159.1,244.8,309.1,0.002,1,0.95
519853,Samiyala,Vadodara Rural,22.25584,73.124736,6364.0,1,3,2,102.5,13.5,0.001,93.6,160.2,246.4,308.6,0.106,1,0.95
519830,Fajalpur Sankarda,Vadodara Rural,22.426235,73.087611,4740.0,1,3,1,92.5,12.15,0.002,93.6,160.2,246.4,302.5,1.8,1,0.915
251214,Padra,Padra,22.244951,73.080335,46660.0,0,0,0,25.0,0.2,0.0,45.6,78.0,120.0,238.0,0.16,0,0.388
520926,Kunvarwada,Dabhoi,22.252725,73.337496,1014.0,1,2,2,90.0,11.7,0.001,93.0,159.1,244.8,305.5,1.686,1,0.897
520927,Vanadra,Dabhoi,22.238186,73.364509,2531.0,1,3,0,97.5,12.15,0.0,92.4,158.1,243.2,310.1,2.392,1,0.932
520925,Saguwada,Dabhoi,22.240843,73.32019,840.0,1,1,0,90.0,11.7,0.001,93.0,159.1,244.8,307.6,1.437,1,0.899
520924,Malharpura,Dabhoi,22.238425,73.302594,370.0,1,1,0,90.0,11.7,0.001,92.4,158.1,243.2,307.6,0.188,1,0.897
520939,Dholar,Dabhoi,22.222189,73.395816,2049.0,1,3,0,97.5,12.6,0.001,92.1,157.6,242.4,308.6,1.076,1,0.94
520928,Mavli,Dabhoi,22.221537,73.342496,962.0,0,2,2,97.5,13.05,0.0,91.8,157.0,241.6,303.0,0.744,1,0.945
520923,Rasulpura,Dabhoi,22.22173,73.317514,376.0,0,2,0,92.5,12.15,0.001,92.4,158.1,243.2,303.5,0.497,1,0.911
519818,Indrad,Savli,22.439792,73.273307,1912.0,1,2,2,92.5,12.15,0.001,93.6,160.2,246.4,304.5,0.947,1,0.916
519817,Pilol,Savli,22.422196,73.230199,3242.0,1,2,2,90.0,11.7,0.001,93.6,160.2,246.4,301.0,0.339,1,0.896
519833,Asoj,Vadodara Rural,22.421,73.199415,3801.0,0,2,2,87.5,11.7,0.001,93.9,160.7,247.2,302.5,0.704,1,0.891
519834,Virod,Vadodara Rural,22.394473,73.226574,2461.0,1,2,2,85.0,10.8,0.001,93.6,160.2,246.4,299.0,1.235,1,0.86
519839,Sukhlipur,Vadodara Rural,22.374111,73.255936,942.0,1,1,2,90.0,11.7,0.001,93.9,160.7,247.2,306.5,0.114,1,0.902
519838,Dena,Vadodara Rural,22.365988,73.221735,2565.0,1,2,2,90.0,11.7,0.001,93.9,160.7,247.2,307.0,0.198,1,0.902
519841,Kotali,Vadodara Rural,22.35516,73.235373,1269.0,1,3,2,92.5,11.7,0.001,93.6,160.2,246.4,308.1,1.044,1,0.909
519840,Amaliyara,Vadodara Rural,22.362429,73.256445,1618.0,1,3,2,97.5,12.6,0.001,93.3,159.6,245.6,305.5,1.12,1,0.942
519849,Ankhol,Vadodara Rural,22.304008,73.270046,1129.0,1,2,2,90.0,11.7,0.0,93.0,159.1,244.8,303.5,0.99,1,0.895
519850,Khatamba,Vadodara Rural,22.286521,73.27036,920.0,1,2,2,95.0,12.6,0.001,93.0,159.1,244.8,305.5,0.424,1,0.933
519854,Shankarpura,Vadodara Rural,22.275823,73.272863,751.0,1,3,2,87.5,11.25,0.001,93.6,160.2,246.4,308.6,0.14,1,0.885
519864,Tatarpura,Vadodara Rural,22.265645,73.294879,1046.0,0,2,2,87.5,11.25,0.001,92.1,157.6,242.4,309.1,0.948,1,0.879
519855,Jobantekri,Vadodara Rural,22.267751,73.281069,430.0,0,2,1,85.0,11.7,0.001,93.0,159.1,244.8,307.6,0.253,1,0.884
519856,Ratanpur,Vadodara Rural,22.268483,73.256635,1508.0,1,3,2,87.5,11.25,0.001,93.9,160.7,247.2,306.5,0.82,1,0.884
519868,Kelanpur,Vadodara Rural,22.242363,73.281591,2929.0,0,3,2,90.0,12.6,0.002,93.0,159.1,244.8,309.1,0.308,1,0.92
519857,Vadadla,Vadodara Rural,22.248199,73.250718,2303.0,1,2,2,87.5,11.25,0.001,93.3,159.6,245.6,301.5,2.052,1,0.878
519865,Sultanpura,Vadodara Rural,22.245836,73.303381,298.0,1,2,1,90.0,11.25,0.001,93.0,159.1,244.8,305.0,0.296,1,0.887
519863,Navapura,Vadodara Rural,22.242051,73.265192,387.0,1,2,1,90.0,11.7,0.001,93.9,160.7,247.2,307.0,0.796,1,0.902
519862,Alhadpura,Vadodara Rural,22.230247,73.265911,991.0,1,2,0,92.5,12.15,0.0,93.0,159.1,244.8,311.1,0.139,1,0.92
519867,Hetampura,Vadodara Rural,22.227236,73.2839,1504.0,1,1,2,90.0,11.7,0.001,93.3,159.6,245.6,301.0,0.84,1,0.894
519866,Diwalipura,Vadodara Rural,22.228,73.295272,661.0,1,3,2,90.0,11.7,0.001,92.7,158.6,244.0,305.5,0.759,1,0.896
519860,Maretha,Vadodara Rural,22.223075,73.183108,1918.0,1,2,2,97.5,13.05,0.001,93.0,159.1,244.8,309.1,0.479,1,0.95
251209,Vadodara,Vadodara Rural,22.306225,73.182732,1752371.0,0,0,0,25.0,0.2,0.001,45.6,78.0,120.0,238.0,0.277,0,0.388
519938,Panch Devla,Vaghodia,22.43723,73.378274,867.0,1,3,1,95.0,12.6,0.001,93.3,159.6,245.6,297.5,1.658,1,0.927
519939,Abhrampura,Vaghodia,22.430948,73.384792,627.0,1,2,1,95.0,13.05,0.001,93.0,159.1,244.8,303.0,1.641,1,0.942
519936,Kamrol,Vaghodia,22.426497,73.295766,2097.0,1,3,1,95.0,12.15,0.001,93.6,160.2,246.4,303.5,0.825,1,0.923
519942,Kodarvaya,Vaghodia,22.415313,73.384313,398.0,1,2,1,97.5,13.05,0.0,93.0,159.1,244.8,303.0,2.881,1,0.95
519935,Amreshwar,Vaghodia,22.413419,73.264611,480.0,1,2,1,97.5,13.05,0.001,93.3,159.6,245.6,306.5,1.513,1,0.95
519950,Kotambi,Vaghodia,22.396152,73.312378,3740.0,1,3,1,90.0,11.7,0.001,92.4,158.1,243.2,301.5,0.35,1,0.891
519937,Lilora,Vaghodia,22.428497,73.363664,1698.0,1,3,1,102.5,13.95,0.0,92.7,158.6,244.0,305.5,1.867,1,0.95
519943,Vyankatpura,Vaghodia,22.404352,73.368516,592.0,1,2,1,100.0,13.5,0.0,92.7,158.6,244.0,305.0,1.44,1,0.95
519945,Rahkui,Vaghodia,22.408263,73.335659,773.0,0,2,1,100.0,13.5,0.001,92.7,158.6,244.0,304.0,1.146,1,0.95
519946,Ganeshpura,Vaghodia,22.402363,73.274967,981.0,1,2,1,97.5,12.6,0.001,93.3,159.6,245.6,303.5,1.281,1,0.94
519944,Amrutpura,Vaghodia,22.398513,73.352163,409.0,1,1,1,92.5,12.15,0.0,92.7,158.6,244.0,303.5,0.365,1,0.912
519947,Bhaniyara,Vaghodia,22.393587,73.264179,1796.0,1,3,1,92.5,12.15,0.001,93.3,159.6,245.6,302.0,0.018,1,0.913
519954,Jafarpura,Vaghodia,22.389601,73.367701,358.0,0,1,1,95.0,12.6,0.0,93.9,160.7,247.2,301.0,0.236,1,0.933
519952,Intoli,Vaghodia,22.38544,73.332133,1060.0,0,2,1,92.5,12.6,0.001,93.0,159.1,244.8,298.0,1.382,1,0.919
519953,Rasulabad,Vaghodia,22.379755,73.345826,2279.0,1,3,1,90.0,11.7,0.0,93.0,159.1,244.8,301.5,1.678,1,0.894
519957,Rayan Talavadi,Vaghodia,22.369731,73.378642,1597.0,1,1,1,92.5,12.15,0.0,94.2,161.2,248.0,299.0,1.758,1,0.914
519948,Bhaupura,Vaghodia,22.379426,73.279252,663.0,1,3,1,97.5,13.05,0.001,93.6,160.2,246.4,304.5,0.663,1,0.95
519951,Sakariya,Vaghodia,22.370251,73.321545,654.0,1,2,1,92.5,12.15,0.001,92.7,158.6,244.0,302.5,1.932,1,0.911
519949,Kumetha,Vaghodia,22.36591,73.282281,1595.0,1,2,1,90.0,12.15,0.0,93.3,159.6,245.6,303.0,2.163,1,0.906
519958,Morlipura,Vaghodia,22.361659,73.295115,993.0,1,2,1,100.0,13.5,0.0,93.0,159.1,244.8,303.5,2.993,1,0.95
519962,Raval,Vaghodia,22.347207,73.346467,2702.0,1,3,1,100.0,13.5,0.0,93.0,159.1,244.8,306.0,2.003,1,0.95
519963,Sanoli,Vaghodia,22.346867,73.382726,1202.0,1,1,1,100.0,13.05,0.0,93.3,159.6,245.6,303.5,1.506,1,0.95
519961,Nimetha,Vaghodia,22.346736,73.31377,2328.0,1,2,1,102.5,13.95,0.05,92.7,158.6,244.0,304.5,3.533,1,0.95
519960,Jesangpura,Vaghodia,22.337236,73.288132,811.0,1,2,1,95.0,12.6,0.0,93.6,160.2,246.4,301.5,1.906,1,0.932
519978,Chipad,Vaghodia,22.331109,73.336834,944.0,1,2,1,102.5,14.85,0.001,93.0,159.1,244.8,306.0,1.162,1,0.95
519984,Gajadra,Vaghodia,22.320324,73.360103,1685.0,0,2,1,100.0,13.05,0.001,93.0,159.1,244.8,305.5,0.636,1,0.95
519979,Navi Jambuvai,Vaghodia,22.331554,73.307663,491.0,1,2,1,92.5,12.15,0.0,92.7,158.6,244.0,303.0,1.861,1,0.911
519959,Sikandarpura,Vaghodia,22.333964,73.270463,2905.0,1,1,1,97.5,13.05,0.0,93.3,159.6,245.6,301.0,2.805,1,0.949
519982,Shripore Timbi,Vaghodia,22.316,73.300323,670.0,1,2,1,100.0,13.95,0.001,92.7,158.6,244.0,307.0,0.677,1,0.95
519977,Khandha,Vaghodia,22.325434,73.374753,1128.0,1,2,1,97.5,13.05,0.0,93.3,159.6,245.6,306.0,0.051,1,0.95
519976,Nava Ajva,Vaghodia,22.323725,73.395499,869.0,1,2,1,95.0,12.6,0.0,93.9,160.7,247.2,303.0,0.243,1,0.935
519980,Bakrol,Vaghodia,22.323132,73.284063,1017.0,1,2,1,100.0,13.5,0.0,93.6,160.2,246.4,305.0,1.03,1,0.95
520006,Ropa,Vaghodia,22.267676,73.333045,633.0,1,0,1,92.5,12.15,0.001,93.0,159.1,244.8,308.1,0.119,1,0.917
519983,Bhadol Khurd,Vaghodia,22.318998,73.322901,458.0,1,2,1,105.0,13.95,0.001,92.4,158.1,243.2,306.0,1.922,1,0.95
519981,Hanumanpura,Vaghodia,22.315167,73.270079,504.0,1,2,1,92.5,12.15,0.0,93.6,160.2,246.4,305.5,1.83,1,0.917
520000,Alva,Vaghodia,22.308185,73.32646,2066.0,1,2,1,97.5,12.6,0.001,92.7,158.6,244.0,303.5,0.679,1,0.938
520001,Amodar,Vaghodia,22.298566,73.303627,1591.0,0,3,1,102.5,13.95,0.001,92.4,158.1,243.2,301.5,0.875,1,0.95
520007,Limda,Vaghodia,22.283762,73.362083,2608.0,1,3,1,85.0,10.8,0.001,93.3,159.6,245.6,306.5,0.183,1,0.865
519999,Kamlapura,Vaghodia,22.287513,73.334125,433.0,1,2,1,92.5,12.15,0.001,93.3,159.6,245.6,304.5,1.613,1,0.915
519998,Dattapura,Vaghodia,22.290134,73.350391,40.0,0,1,0,92.5,12.15,0.001,93.3,159.6,245.6,303.5,0.798,1,0.914
520003,Pipaliya,Vaghodia,22.286007,73.31567,1320.0,0,3,1,90.0,11.7,0.001,92.7,158.6,244.0,301.5,0.914,1,0.892
520002,Pavlepur,Vaghodia,22.284299,73.289908,1313.0,0,3,1,92.5,12.15,0.001,92.4,158.1,243.2,303.0,0.834,1,0.91
520008,Madheli,Vaghodia,22.265344,73.374207,2057.0,1,3,1,90.0,11.7,0.001,93.0,159.1,244.8,307.6,1.307,1,0.899
520004,Umarva,Vaghodia,22.269155,73.310472,1090.0,0,1,1,95.0,13.05,0.001,92.4,158.1,243.2,304.5,1.056,1,0.941
520005,Mastupura,Vaghodia,22.258596,73.318803,487.0,1,2,1,92.5,12.15,0.0,92.7,158.6,244.0,308.1,0.202,1,0.916
520019,Falod,Vaghodia,22.251891,73.393337,1903.0,1,2,1,100.0,13.5,0.001,92.4,158.1,243.2,310.6,0.473,1,0.95
519927,Alamgir,Vadodara Rural,22.211725,73.197007,0.0,0,0,0,85.0,10.8,0.0,93.0,159.1,244.8,304.0,1.239,1,0.862
519906,Nandesari,Vadodara Rural,22.41435,73.095614,8290.0,0,0,0,25.0,0.2,0.001,45.6,78.0,120.0,238.0,1.095,0,0.388
519909,Bajwa,Vadodara Rural,22.366252,73.140935,9611.0,0,0,0,25.0,0.2,0.001,45.6,78.0,120.0,238.0,0.401,0,0.388
519907,Ranoli,Vadodara Rural,22.398552,73.131306,11726.0,0,0,0,25.0,0.2,0.001,45.6,78.0,120.0,238.0,1.995,0,0.388
519908,Karachiya,Vadodara Rural,22.379471,73.131637,7103.0,0,0,0,25.0,0.2,0.001,45.6,78.0,120.0,238.0,0.471,0,0.388
519910,Jawaharnagar Gujarat Refinery CT,Vadodara Rural,22.359056,73.132399,3417.0,0,0,0,102.5,13.95,0.001,93.3,159.6,245.6,309.1,1.587,1,0.95
802593,Nandesari INA,Vadodara Rural,22.403717,73.104746,3679.0,0,0,0,90.0,11.7,0.001,93.9,160.7,247.2,309.6,0.155,1,0.904
802595,GSFC Complex INA,Vadodara Rural,22.372328,73.152346,2242.0,0,0,0,25.0,0.2,0.001,45.6,78.0,120.0,238.0,0.918,0,0.388
802594,Petro Chemical Complex INA,Vadodara Rural,22.389119,73.111768,1951.0,0,0,0,25.0,0.2,0.001,45.6,78.0,120.0,238.0,1.394,0,0.388
519911,Undera,Vadodara Rural,22.343372,73.137039,16902.0,0,0,0,25.0,0.2,0.001,45.6,78.0,120.0,238.0,0.478,0,0.388
519919,Dasharath,Vadodara Rural,22.385983,73.157488,0.0,0,0,0,25.0,0.2,0.001,45.6,78.0,120.0,238.0,1.656,0,0.388
999999,Sayaji Sarovar,Vaghodia,22.380487,73.406611,0.0,0,0,0,25.0,0.2,0.001,45.6,78.0,120.0,238.0,0.401,0,0.388
519923,Gorva OG,Vadodara Rural,22.338225,73.15438,0.0,0,0,0,25.0,0.2,0.001,45.6,78.0,120.0,238.0,0.656,0,0.388
519924,Sevasi,Vadodara Rural,22.306627,73.117423,0.0,0,0,0,102.5,13.95,0.001,93.0,159.1,244.8,307.6,0.5,1,0.95
519918,Kalali OG,Vadodara Rural,22.250808,73.16557,0.0,0,0,0,102.5,12.6,0.0,93.3,159.6,245.6,310.1,0.171,1,0.95
519925,Bhayli,Vadodara Rural,22.281721,73.121784,0.0,0,0,0,100.0,13.5,0.001,93.3,159.6,245.6,310.1,0.847,1,0.95
519926,Bil,Vadodara Rural,22.248134,73.140536,0.0,0,0,0,90.0,11.7,0.002,93.3,159.6,245.6,307.6,1.387,1,0.9
519913,Karodiya OG,Vadodara Rural,22.349552,73.162735,0.0,0,0,0,25.0,0.2,0.001,45.6,78.0,120.0,238.0,0.692,0,0.388
519912,Tarsali CT,Vadodara Rural,22.246946,73.229342,4929.0,0,0,0,92.5,12.15,0.001,92.7,158.6,244.0,307.6,0.233,1,0.915
520022,Jarod CT,Vaghodia,22.429672,73.332882,7200.0,0,0,0,97.5,13.05,0.0,92.7,158.6,244.0,299.5,1.098,1,0.946
520023,Vaghodia CT,Vaghodia,22.297497,73.39063,16604.0,0,0,0,25.0,0.2,0.0,45.6,78.0,120.0,238.0,1.441,0,0.388
802598,Vaghodia INA,Vaghodia,22.311117,73.38898,248.0,0,0,0,97.5,13.05,0.001,93.6,160.2,246.4,304.5,0.978,1,0.95
519921,Dumad,Vadodara Rural,22.376152,73.201184,0.0,0,0,0,87.5,11.25,0.001,93.9,160.7,247.2,305.0,1.72,1,0.883
519922,Vemali,Vadodara Rural,22.35407,73.209843,0.0,0,0,0,87.5,11.25,0.001,93.9,160.7,247.2,309.6,0.193,1,0.887
519916,Sayajipura OG,Vadodara Rural,22.325296,73.25876,0.0,0,0,0,25.0,0.2,0.0,45.6,78.0,120.0,238.0,2.62,0,0.388
519917,Bapod OG,Vadodara Rural,22.299225,73.259733,0.0,0,0,0,85.0,10.8,0.0,93.6,160.2,246.4,305.0,1.728,1,0.865
519914,Harni OG,Vadodara Rural,22.344634,73.257466,0.0,0,0,0,95.0,12.6,0.0,93.3,159.6,245.6,308.1,2.846,1,0.937
520943,Bamboj,Dabhoi,22.211975,73.457983,1331.0,1,2,0,92.5,12.15,0.001,93.3,159.6,245.6,306.5,0.659,1,0.917
520945,Lunadra,Dabhoi,22.206681,73.479518,245.0,0,2,1,95.0,13.05,0.001,93.6,160.2,246.4,306.0,0.048,1,0.947
520942,Naranpura,Dabhoi,22.204176,73.42546,180.0,1,2,0,95.0,13.05,0.001,93.9,160.7,247.2,305.0,0.348,1,0.947
520946,Simaliya,Dabhoi,22.19153,73.482411,3180.0,1,3,0,92.5,12.15,0.0,93.6,160.2,246.4,305.5,1.524,1,0.917
520947,Sunvalja,Dabhoi,22.193872,73.456124,492.0,0,2,0,97.5,13.05,0.001,93.0,159.1,244.8,307.0,1.0,1,0.95
520941,Karalipura,Dabhoi,22.196452,73.417099,306.0,1,2,0,95.0,12.6,0.001,93.9,160.7,247.2,304.5,0.55,1,0.936
520948,Dangiwada,Dabhoi,22.186472,73.434297,737.0,1,2,2,87.5,11.25,0.001,93.6,160.2,246.4,307.6,1.306,1,0.884
520965,Gopalpura,Dabhoi,22.169907,73.49663,517.0,1,3,2,25.0,0.2,0.05,45.6,78.0,120.0,238.0,3.111,0,0.388
520950,Vasaipura,Dabhoi,22.178906,73.405451,534.0,0,3,0,87.5,12.15,0.001,93.0,159.1,244.8,307.0,0.663,1,0.901
520949,Pragpura,Dabhoi,22.180934,73.423394,425.0,1,2,1,87.5,11.7,0.001,93.0,159.1,244.8,309.1,0.888,1,0.893
520964,Akotadar,Dabhoi,22.17537,73.463987,1395.0,0,2,2,87.5,11.25,0.001,93.3,159.6,245.6,304.0,0.455,1,0.88
520963,Pansoli,Dabhoi,22.166243,73.452333,2213.0,1,3,2,87.5,11.7,0.0,93.6,160.2,246.4,303.5,0.279,1,0.89
520962,Morpura,Dabhoi,22.16282,73.420509,492.0,1,2,0,87.5,11.25,0.0,93.0,159.1,244.8,304.0,1.118,1,0.879
520966,Vadhvana,Dabhoi,22.150349,73.491283,1357.0,1,1,1,92.5,12.15,0.001,93.6,160.2,246.4,305.5,2.571,1,0.917
520967,Samsherpura,Dabhoi,22.150824,73.481159,383.0,1,1,0,92.5,12.15,0.0,93.6,160.2,246.4,309.6,2.305,1,0.921
520968,Kukad,Dabhoi,22.143096,73.46806,1501.0,1,2,0,92.5,12.15,0.0,93.6,160.2,246.4,306.0,2.614,1,0.918
520969,Timbi,Dabhoi,22.15226,73.418344,1001.0,1,3,1,85.0,10.8,0.0,93.6,160.2,246.4,308.1,1.69,1,0.868
520970,Tarsana,Dabhoi,22.143425,73.407585,1108.0,1,3,2,87.5,11.7,0.0,93.9,160.7,247.2,305.5,1.318,1,0.893
520944,Amreshwar,Dabhoi,22.227089,73.472862,788.0,1,2,0,97.5,13.05,0.001,93.0,159.1,244.8,307.0,0.626,1,0.95
519975,Madodhar,Vaghodia,22.324726,73.419003,4634.0,1,3,1,97.5,13.05,0.0,93.6,160.2,246.4,302.5,0.355,1,0.95
519974,Sangadol,Vaghodia,22.317903,73.442354,2626.0,0,2,1,92.5,12.15,0.0,93.6,160.2,246.4,305.0,1.298,1,0.917
519971,Chipat,Vaghodia,22.326852,73.514534,408.0,0,2,1,87.5,11.25,0.0,93.9,160.7,247.2,302.5,2.448,1,0.881
520012,Kachhota,Vaghodia,22.265121,73.51416,263.0,1,2,1,102.5,13.95,0.001,93.0,159.1,244.8,313.1,1.042,1,0.95
519988,Vedpur,Vaghodia,22.312013,73.529351,1603.0,1,2,1,85.0,11.25,0.0,94.2,161.2,248.0,306.0,2.195,1,0.878
519986,Ghodadra,Vaghodia,22.305494,73.459221,1564.0,1,2,1,100.0,13.5,0.001,93.6,160.2,246.4,306.5,0.91,1,0.95
519987,Asha,Vaghodia,22.308156,73.496906,336.0,1,2,1,90.0,11.7,0.0,94.2,161.2,248.0,301.0,1.351,1,0.898
519989,Moti Manekpur,Vaghodia,22.298435,73.531655,806.0,1,2,1,87.5,11.25,0.0,94.5,161.7,248.8,302.5,1.071,1,0.883
519993,Vasvel,Vaghodia,22.296555,73.472661,1880.0,0,2,1,92.5,12.15,0.0,93.6,160.2,246.4,305.5,1.535,1,0.917
519992,Saidal,Vaghodia,22.286926,73.50285,1792.0,1,2,1,95.0,12.6,0.0,93.6,160.2,246.4,306.0,2.245,1,0.936
519985,Timbi,Vaghodia,22.299284,73.418253,685.0,0,3,1,97.5,13.05,0.001,93.3,159.6,245.6,305.5,1.294,1,0.95
519996,Dankheda,Vaghodia,22.286677,73.436341,794.0,1,3,1,95.0,12.6,0.001,93.3,159.6,245.6,311.6,0.289,1,0.94
519990,Nani Manekpur,Vaghodia,22.288167,73.543629,207.0,1,2,1,97.5,13.95,0.0,94.2,161.2,248.0,306.5,0.43,1,0.95
519997,Tavra,Vaghodia,22.286469,73.417679,1427.0,0,2,1,97.5,13.05,0.001,93.9,160.7,247.2,306.0,1.103,1,0.95
519994,Chandpur,Vaghodia,22.285523,73.475938,378.0,1,2,1,100.0,13.5,0.0,94.2,161.2,248.0,314.6,2.684,1,0.95
520013,Rustampura,Vaghodia,22.276456,73.536888,1460.0,1,2,1,100.0,13.5,0.001,93.9,160.7,247.2,307.0,0.785,1,0.95
519995,Ambali,Vaghodia,22.278101,73.446408,934.0,1,3,1,97.5,13.05,0.001,93.9,160.7,247.2,301.5,0.688,1,0.95
520010,Gugalpur,Vaghodia,22.267272,73.467115,448.0,1,3,1,95.0,13.05,0.0,92.7,158.6,244.0,310.6,2.216,1,0.947
520009,Vejalpur,Vaghodia,22.27193,73.405579,1589.0,1,1,1,95.0,12.6,0.001,93.0,159.1,244.8,305.0,0.919,1,0.933
520011,Khervadi,Vaghodia,22.262781,73.483262,1207.0,1,3,1,100.0,13.5,0.0,92.4,158.1,243.2,311.6,1.598,1,0.95
520018,Vyara,Vaghodia,22.252538,73.422919,4994.0,1,2,1,90.0,12.6,0.001,93.6,160.2,246.4,302.5,1.556,1,0.917
520014,Ghoda,Vaghodia,22.264944,73.528892,554.0,1,2,1,107.5,14.85,0.001,93.3,159.6,245.6,311.6,0.04,1,0.95
520015,Nurpuri,Vaghodia,22.255319,73.516521,356.0,1,3,1,102.5,13.05,0.001,93.6,160.2,246.4,311.6,0.412,1,0.95
520016,Tarsva,Vaghodia,22.247893,73.482445,1537.0,1,3,1,97.5,13.05,0.0,92.4,158.1,243.2,309.6,0.537,1,0.95
520017,Jambuwada,Vaghodia,22.235421,73.446638,1233.0,1,2,1,97.5,13.05,0.001,93.3,159.6,245.6,307.6,0.561,1,0.95
520020,Antoli,Vaghodia,22.221961,73.417043,1292.0,1,2,1,90.0,11.7,0.001,93.9,160.7,247.2,303.5,1.029,1,0.899
520021,Karamliya Pura,Vaghodia,22.217807,73.437697,1336.0,1,2,1,90.0,11.7,0.001,93.3,159.6,245.6,303.0,0.386,1,0.896
519991,Koba,Vaghodia,22.284556,73.521797,0.0,0,0,0,97.5,13.5,0.001,93.9,160.7,247.2,302.5,2.243,1,0.95
519940,Adiran,Vaghodia,22.436866,73.411595,2423.0,1,1,1,92.5,12.15,0.0,93.0,159.1,244.8,303.0,0.16,1,0.913
519955,Navgam,Vaghodia,22.407331,73.435575,1353.0,1,3,1,97.5,12.6,0.0,93.6,160.2,246.4,300.0,1.187,1,0.939
519941,Karmasiya Kheda,Vaghodia,22.410759,73.412333,3574.0,1,2,1,92.5,12.15,0.001,93.3,159.6,245.6,301.0,0.824,1,0.912
519956,Gutal,Vaghodia,22.373695,73.447886,3767.0,0,3,1,92.5,12.15,0.0,93.6,160.2,246.4,307.0,0.715,1,0.919
519964,Juna Rampura,Vaghodia,22.3582,73.410424,1280.0,1,2,1,105.0,14.4,0.0,93.0,159.1,244.8,306.0,2.076,1,0.95
519967,Dundelav,Vaghodia,22.347733,73.465353,599.0,0,2,1,97.5,13.05,0.001,93.0,159.1,244.8,299.5,0.557,1,0.947
519973,Goraj,Vaghodia,22.332591,73.47929,5093.0,1,2,1,97.5,13.05,0.001,93.6,160.2,246.4,308.1,0.313,1,0.95
519965,Nava Rampura,Vaghodia,22.344775,73.408848,608.0,1,2,1,97.5,13.05,0.0,93.0,159.1,244.8,306.0,1.446,1,0.95
519966,Vesaniya,Vaghodia,22.342325,73.438877,1007.0,1,3,1,100.0,13.5,0.0,93.0,159.1,244.8,302.5,2.788,1,0.95
519968,Valva,Vaghodia,22.342418,73.503181,700.0,1,2,1,92.5,12.15,0.001,93.6,160.2,246.4,306.5,0.619,1,0.918
519969,Hamirpuri,Vaghodia,22.339955,73.525062,127.0,1,2,1,95.0,12.6,0.0,94.2,161.2,248.0,303.0,2.02,1,0.936
519970,Dharola,Vaghodia,22.334722,73.546397,283.0,0,2,1,97.5,11.7,0.05,93.6,160.2,246.4,300.0,3.608,1,0.917
519972,Gambhirpura,Vaghodia,22.333731,73.521104,711.0,1,2,1,92.5,12.15,0.0,93.9,160.7,247.2,303.5,2.311,1,0.917
519768,Wankaner,Savli,22.552458,73.177017,8770.0,1,2,2,92.5,11.7,0.001,93.9,160.7,247.2,298.5,2.523,1,0.902
519787,Bhadarva,Savli,22.510437,73.129922,5951.0,0,2,2,105.0,14.4,0.001,93.9,160.7,247.2,303.0,1.382,1,0.95
519794,Ranipura B,Savli,22.50843,73.174065,482.0,1,2,0,100.0,12.6,0.001,93.6,160.2,246.4,301.5,1.648,1,0.948
519790,Khandi,Savli,22.499195,73.100319,1467.0,1,2,0,97.5,12.15,0.001,93.6,160.2,246.4,302.5,1.105,1,0.93
519789,Jalampura,Savli,22.502329,73.105973,837.0,1,2,2,97.5,13.5,0.001,94.2,161.2,248.0,300.0,1.357,1,0.95
519792,Raniya,Savli,22.495709,73.133102,3279.0,1,2,2,107.5,14.85,0.001,93.9,160.7,247.2,301.5,2.948,1,0.95
519793,Mahapura,Savli,22.495327,73.160927,694.0,1,2,1,105.0,14.4,0.0,93.6,160.2,246.4,302.0,1.559,1,0.95
519810,Anjesar,Savli,22.480895,73.17266,2334.0,1,2,1,90.0,11.7,0.001,93.9,160.7,247.2,300.0,0.322,1,0.896
519791,Poicha Raniya,Savli,22.475894,73.114821,2945.0,1,2,1,95.0,12.15,0.0,94.2,161.2,248.0,303.5,2.597,1,0.926
519811,Moksi,Savli,22.468066,73.147281,5706.0,1,2,2,97.5,13.05,0.001,94.5,161.7,248.8,300.5,0.31,1,0.95
519786,Bahidhara Alias Natvarnagar,Savli,22.512292,73.159483,3711.0,1,2,0,100.0,14.4,0.001,93.6,160.2,246.4,301.0,2.929,1,0.95
519788,Parthampura Khandi,Savli,22.511161,73.118198,898.0,1,2,2,92.5,12.15,0.001,94.2,161.2,248.0,300.5,0.84,1,0.915
519824,Dodka,Vadodara Rural,22.455062,73.112726,3724.0,1,2,2,90.0,12.15,0.0,94.5,161.7,248.8,306.0,2.382,1,0.914
519827,Vasna Kotariya,Vadodara Rural,22.447266,73.154772,3974.0,1,2,2,97.5,13.05,0.001,93.9,160.7,247.2,297.5,0.691,1,0.949
519747,Ankaliya,Savli,22.616419,73.377167,1067.0,1,2,1,97.5,13.05,0.001,94.2,161.2,248.0,301.0,1.111,1,0.95
519756,Lachhanpura,Savli,22.614795,73.22513,1201.0,0,2,0,87.5,11.25,0.001,94.5,161.7,248.8,302.0,1.113,1,0.883
519750,Mevli,Savli,22.614616,73.329978,3775.0,1,2,0,95.0,12.6,0.002,94.8,162.2,249.6,301.0,1.244,1,0.936
519748,Dhantej,Savli,22.597216,73.356397,5470.0,1,2,1,95.0,12.6,0.001,95.5,163.3,251.2,310.6,0.272,1,0.947
519795,Namisara,Savli,22.515105,73.189227,2102.0,1,2,0,85.0,11.25,0.001,93.9,160.7,247.2,301.5,0.896,1,0.873
519734,Latva,Desar,22.667525,73.366624,1635.0,0,2,0,87.5,11.25,0.001,95.2,162.8,250.4,302.0,0.061,1,0.886
519724,Bhila,Desar,22.666808,73.359725,325.0,0,2,0,90.0,11.7,0.001,94.5,161.7,248.8,299.5,0.512,1,0.898
519730,Vansiya,Desar,22.664588,73.398534,1144.0,0,2,1,87.5,11.25,0.001,95.2,162.8,250.4,302.0,0.361,1,0.886
519722,Vaghanu Muvadu,Desar,22.657829,73.337583,361.0,0,3,0,90.0,11.25,0.002,94.8,162.2,249.6,304.5,2.02,1,0.893
519721,Gorsan,Desar,22.66062,73.317646,717.0,1,3,0,85.0,11.25,0.002,94.5,161.7,248.8,301.5,0.56,1,0.875
519720,Shihora,Desar,22.657088,73.2868,6021.0,1,3,0,90.0,11.7,0.003,94.8,162.2,249.6,297.5,1.574,1,0.897
519733,Limdi,Desar,22.654626,73.385685,960.0,0,2,0,90.0,11.7,0.001,95.2,162.8,250.4,303.5,0.102,1,0.904
519731,Ghanta,Desar,22.65819,73.403154,163.0,1,2,0,87.5,10.8,0.001,95.2,162.8,250.4,302.0,0.087,1,0.876
519738,Nhara,Savli,22.646613,73.312436,2460.0,1,3,0,90.0,11.7,0.002,94.8,162.2,249.6,298.5,0.317,1,0.898
519732,Andrakhiya,Desar,22.650172,73.392421,574.0,1,2,0,90.0,11.7,0.002,95.2,162.8,250.4,301.0,0.07,1,0.902
519737,Gutardi,Savli,22.642703,73.334373,1726.0,1,2,0,87.5,11.25,0.001,95.5,163.3,251.2,296.5,0.345,1,0.882
519736,Sandhasal,Desar,22.644957,73.351477,4248.0,1,2,1,92.5,12.15,0.001,95.2,162.8,250.4,302.0,1.056,1,0.921
519735,Vav,Desar,22.641302,73.3653,1145.0,0,2,0,95.0,13.05,0.001,94.2,161.2,248.0,306.0,1.439,1,0.949
519740,Ajabpura,Savli,22.641095,73.26504,2222.0,1,3,0,90.0,12.15,0.003,94.2,161.2,248.0,300.0,0.846,1,0.907
519741,Amarapura,Savli,22.630837,73.247017,2071.0,1,3,0,87.5,11.25,0.002,95.2,162.8,250.4,303.5,0.215,1,0.887
519745,Zumkha,Savli,22.628964,73.320551,1164.0,1,2,0,95.0,12.6,0.002,95.2,162.8,250.4,300.0,1.354,1,0.937
519746,Dipapura,Savli,22.627892,73.344346,1022.0,1,2,0,92.5,11.7,0.001,96.1,164.3,252.8,296.0,0.833,1,0.909
519751,Vitoj,Savli,22.612199,73.311078,1667.0,1,2,1,92.5,12.15,0.001,95.2,162.8,250.4,309.1,0.264,1,0.927
519742,Kalupura,Savli,22.620001,73.252806,91.0,1,3,0,90.0,11.7,0.002,95.5,163.3,251.2,300.5,0.784,1,0.903
519749,Narpura,Savli,22.612873,73.347288,624.0,1,2,0,102.5,13.95,0.002,93.6,160.2,246.4,305.5,1.656,1,0.95
519752,Samantpura,Savli,22.610941,73.290607,30.0,0,2,0,92.5,13.05,0.001,95.2,162.8,250.4,298.5,0.431,1,0.938
519757,Rupankui,Savli,22.603019,73.212801,1963.0,0,2,0,90.0,11.25,0.001,94.5,161.7,248.8,302.0,1.679,1,0.89
519755,Rasawadi,Savli,22.606542,73.250407,1152.0,0,3,0,92.5,11.7,0.001,95.5,163.3,251.2,298.5,2.275,1,0.908
519753,Gangadiyapura,Savli,22.602837,73.281439,416.0,0,2,0,90.0,11.7,0.001,94.8,162.2,249.6,298.0,0.871,1,0.898
519760,Dungrapura,Savli,22.599649,73.324299,358.0,1,2,1,92.5,12.15,0.001,95.8,163.8,252.0,301.0,0.27,1,0.922
519758,Kanoda,Savli,22.596876,73.199142,4854.0,1,2,0,87.5,11.25,0.001,94.2,161.2,248.0,297.5,1.113,1,0.878
519759,Rasulpur,Savli,22.594845,73.232122,1466.0,1,3,1,87.5,10.8,0.0,94.5,161.7,248.8,303.0,2.111,1,0.874
519763,Vasanpura,Savli,22.584223,73.309628,920.0,0,2,0,92.5,12.15,0.001,95.5,163.3,251.2,298.0,2.404,1,0.918
519766,Poicha Kanoda,Savli,22.583638,73.180915,5020.0,1,3,0,87.5,11.25,0.001,93.9,160.7,247.2,302.0,1.782,1,0.881
519764,Muval,Savli,22.578348,73.26441,1873.0,1,2,2,25.0,0.2,0.0,45.6,78.0,120.0,238.0,0.396,0,0.388
519761,Tulsipura,Savli,22.567101,73.363504,1344.0,1,2,0,95.0,12.6,0.001,94.5,161.7,248.8,299.0,2.099,1,0.934
519762,Kamalpura,Savli,22.574665,73.339106,607.0,1,2,0,90.0,11.7,0.001,94.2,161.2,248.0,301.5,2.114,1,0.898
519767,Mevaliapura,Savli,22.571804,73.181615,1130.0,1,2,0,92.5,12.15,0.001,94.5,161.7,248.8,301.0,2.609,1,0.917
519765,Sardarpura,Savli,22.567424,73.196341,526.0,1,2,0,95.0,12.6,0.05,93.9,160.7,247.2,303.0,3.159,1,0.935
519771,Moti Bhadol,Savli,22.548218,73.316037,1557.0,1,3,0,90.0,11.7,0.0,94.2,161.2,248.0,298.5,1.445,1,0.896
519770,Charanpura,Savli,22.561883,73.301134,930.0,0,2,0,95.0,12.6,0.05,94.2,161.2,248.0,301.0,3.446,1,0.934
519769,Javla,Savli,22.552921,73.254503,781.0,0,3,1,92.5,13.05,0.001,94.5,161.7,248.8,302.5,1.779,1,0.939
519772,Vadiya K,Savli,22.55089,73.339853,1396.0,1,3,0,92.5,12.15,0.0,94.8,162.2,249.6,300.0,1.222,1,0.917
519784,Gothada,Savli,22.535905,73.224501,9347.0,1,3,0,85.0,10.8,0.001,94.2,161.2,248.0,300.5,1.339,1,0.864
519782,Sherpura,Savli,22.546389,73.290402,1461.0,0,3,0,95.0,12.6,0.0,94.5,161.7,248.8,303.5,2.688,1,0.937
519773,Mal Ankaliya,Savli,22.546901,73.358528,1007.0,0,3,0,85.0,10.8,0.0,94.5,161.7,248.8,300.0,2.656,1,0.865
519774,Kambola,Savli,22.539939,73.389336,985.0,1,3,2,85.0,10.35,0.05,94.8,162.2,249.6,298.5,3.213,1,0.855
519779,Ranipura Samlaya,Savli,22.52818,73.342841,2038.0,0,3,1,92.5,12.15,0.0,94.5,161.7,248.8,300.0,1.733,1,0.916
519780,Nani Bhadol,Savli,22.522203,73.317746,1465.0,1,2,0,87.5,11.7,0.0,94.8,162.2,249.6,299.5,0.92,1,0.892
519783,Karachiya,Savli,22.526843,73.263858,1387.0,1,3,0,92.5,12.15,0.001,89.7,153.4,236.0,301.0,0.277,1,0.898
519781,Samlaya,Savli,22.523995,73.290581,2232.0,1,2,2,92.5,12.15,0.001,94.8,162.2,249.6,300.0,0.634,1,0.917
519785,Ranchhodpura,Savli,22.532442,73.183961,1569.0,1,2,0,97.5,12.6,0.0,93.9,160.7,247.2,302.5,2.142,1,0.942
519777,Mudhela,Savli,22.50827,73.397671,734.0,1,2,1,95.0,12.6,0.001,93.6,160.2,246.4,303.0,0.799,1,0.933
519778,Ghantiyal,Savli,22.517542,73.377275,1385.0,1,2,1,95.0,12.6,0.0,94.5,161.7,248.8,302.5,0.591,1,0.937
519796,Bautha,Savli,22.511578,73.213664,1541.0,1,2,1,87.5,11.25,0.001,93.9,160.7,247.2,302.0,0.59,1,0.881
519798,Pasva,Savli,22.501273,73.255812,1155.0,1,2,0,87.5,11.25,0.001,93.6,160.2,246.4,304.5,0.474,1,0.881
519799,Mota Motipura,Savli,22.504195,73.273909,312.0,0,3,1,87.5,11.7,0.001,93.6,160.2,246.4,301.5,0.689,1,0.889
519802,Lotna,Savli,22.504372,73.36037,1669.0,1,2,2,95.0,12.6,0.0,94.5,161.7,248.8,298.0,1.12,1,0.933
519801,Gangadiya,Savli,22.505454,73.33713,2265.0,1,2,0,97.5,13.05,0.0,93.9,160.7,247.2,301.5,2.853,1,0.95
519800,Pratapnagar,Savli,22.499167,73.293923,1488.0,0,3,1,92.5,12.15,0.0,93.0,159.1,244.8,302.5,1.323,1,0.912
519805,Vadadala,Savli,22.486995,73.319058,966.0,1,3,1,90.0,11.25,0.0,94.2,161.2,248.0,298.0,0.568,1,0.885
519797,Lasundra,Savli,22.501698,73.232756,1261.0,1,2,1,87.5,11.7,0.001,93.6,160.2,246.4,298.5,0.504,1,0.886
519803,Sadra,Savli,22.501871,73.377151,649.0,1,2,1,100.0,13.5,0.0,94.2,161.2,248.0,302.0,0.436,1,0.95
519809,Tundav,Savli,22.482954,73.20198,6102.0,1,3,0,85.0,11.25,0.001,93.0,159.1,244.8,301.0,1.079,1,0.869
519804,Adalwada,Savli,22.483591,73.353783,672.0,0,2,1,87.5,11.25,0.001,94.5,161.7,248.8,300.0,0.991,1,0.881
519807,Subhelav,Savli,22.48513,73.244201,590.0,1,1,1,85.0,11.25,0.001,94.2,161.2,248.0,302.5,1.028,1,0.875
519808,Paldi,Savli,22.480526,73.22466,749.0,0,2,0,87.5,12.15,0.001,93.9,160.7,247.2,299.5,1.26,1,0.898
519822,Dhanora,Savli,22.46833,73.335342,1254.0,0,2,1,87.5,11.7,0.001,89.7,153.4,236.0,300.5,0.916,1,0.872
519806,Chandranagar,Savli,22.474179,73.25903,191.0,0,2,1,92.5,12.15,0.001,93.9,160.7,247.2,300.5,2.186,1,0.914
519814,Lamdapura,Savli,22.468742,73.226131,880.0,1,2,0,90.0,11.7,0.001,93.9,160.7,247.2,298.0,1.817,1,0.894
519813,Manjusar,Savli,22.443886,73.19595,5001.0,1,3,2,87.5,11.25,0.001,93.9,160.7,247.2,307.6,1.162,1,0.885
519816,Alindra,Savli,22.453463,73.236236,622.0,1,2,0,92.5,12.15,0.0,93.6,160.2,246.4,301.0,1.129,1,0.913
519819,Khokhar,Savli,22.458132,73.261182,1108.0,1,2,0,97.5,13.05,0.0,93.3,159.6,245.6,302.5,1.027,1,0.95
519812,Kunpad,Savli,22.456832,73.177151,2788.0,0,2,0,95.0,12.6,0.001,94.5,161.7,248.8,311.6,0.275,1,0.944
519823,Haripura,Savli,22.455581,73.339935,741.0,1,2,1,87.5,11.25,0.001,93.3,159.6,245.6,301.0,0.391,1,0.877
519821,Garadhiya,Savli,22.452432,73.313987,1719.0,1,3,1,92.5,12.15,0.001,94.5,161.7,248.8,304.0,0.367,1,0.92
519815,Zumkal,Savli,22.450561,73.219561,271.0,1,2,0,90.0,11.7,0.001,93.6,160.2,246.4,300.0,0.759,1,0.895
519723,Raipura Chhatrapura,Desar,22.665258,73.347779,426.0,1,2,0,90.0,11.7,0.002,94.8,162.2,249.6,300.0,1.373,1,0.9
519739,Gulabpura Shihora,Savli,22.632917,73.293216,581.0,1,2,1,90.0,11.7,0.002,95.2,162.8,250.4,301.0,0.185,1,0.902
519744,Gokalpura Ganeshpura,Savli,22.617289,73.293158,588.0,1,2,1,92.5,12.15,0.002,94.8,162.2,249.6,301.0,1.101,1,0.918
519743,Parthampura Shihora,Savli,22.614948,73.270947,2363.0,1,2,1,95.0,12.6,0.001,94.5,161.7,248.8,298.5,0.121,1,0.933
519754,Dungripura Shihora,Savli,22.603431,73.264854,490.0,1,2,0,90.0,11.7,0.001,94.2,161.2,248.0,300.0,1.487,1,0.897
519820,Vemar,Savli,22.469814,73.281217,1971.0,0,2,1,95.0,12.6,0.0,93.9,160.7,247.2,300.5,1.289,1,0.932
519928,Bodidra,Vaghodia,22.478356,73.379884,1047.0,1,2,1,90.0,11.7,0.001,93.6,160.2,246.4,301.0,0.199,1,0.896
519934,Paldi,Vaghodia,22.455265,73.359683,1260.0,1,2,1,85.0,10.8,0.001,93.6,160.2,246.4,302.5,0.57,1,0.863
519933,Asoj,Vaghodia,22.458691,73.390985,1952.0,1,3,1,25.0,0.2,0.001,45.6,78.0,120.0,238.0,0.191,0,0.388
253247,Savli,Savli,22.568753,73.224165,18467.0,0,0,0,82.5,0.2,0.001,45.6,78.0,120.0,238.0,1.157,0,0.391
519688,Udalpur,Desar,22.802194,73.396022,859.0,1,3,1,87.5,11.25,0.001,95.2,162.8,250.4,300.0,0.163,1,0.884
519691,Jambu Goral,Desar,22.775084,73.333488,4203.0,1,2,0,90.0,11.25,0.0,95.5,163.3,251.2,299.5,0.982,1,0.892
519692,Varsada,Desar,22.762475,73.300533,8683.0,1,3,2,90.0,11.7,0.0,94.8,162.2,249.6,303.0,2.541,1,0.902
519701,Vejpur,Desar,22.742463,73.36421,3511.0,1,2,2,95.0,12.6,0.0,94.8,162.2,249.6,298.0,2.527,1,0.934
519693,Waghpura,Desar,22.760329,73.26441,208.0,1,2,1,85.0,10.8,0.001,94.8,162.2,249.6,299.5,0.838,1,0.865
519694,Tansiya,Desar,22.750929,73.274869,917.0,0,2,0,82.5,10.35,0.001,94.8,162.2,249.6,301.5,1.912,1,0.851
519699,Desar,Desar,22.724372,73.31478,6396.0,1,2,2,90.0,11.25,0.0,89.1,152.4,234.4,301.5,1.036,1,0.868
519695,Himmatpura,Desar,22.742906,73.278312,1095.0,0,2,0,87.5,11.25,0.001,94.8,162.2,249.6,299.0,2.266,1,0.882
519696,Dungripura I,Desar,22.739024,73.271448,1110.0,0,2,0,85.0,10.8,0.001,94.8,162.2,249.6,301.0,1.561,1,0.867
519700,Valavav,Desar,22.723502,73.331573,904.0,1,3,1,95.0,12.6,0.0,95.5,163.3,251.2,300.5,0.02,1,0.939
519697,Intvad,Desar,22.7274,73.271766,1693.0,1,2,0,85.0,11.25,0.001,95.5,163.3,251.2,295.5,1.594,1,0.874
519702,Jesar Gopari,Desar,22.707522,73.377173,1881.0,0,2,1,95.0,11.7,0.001,95.5,163.3,251.2,299.5,0.089,1,0.917
519704,Kadachhala,Desar,22.70282,73.329977,1724.0,1,3,0,95.0,12.15,0.001,94.8,162.2,249.6,299.5,0.559,1,0.924
519703,Vaktapura,Desar,22.698117,73.353822,1184.0,0,2,1,87.5,10.8,0.001,95.8,163.8,252.0,301.5,0.022,1,0.878
519705,Manekla,Desar,22.704202,73.274686,572.0,1,2,0,87.5,11.25,0.001,95.5,163.3,251.2,297.5,1.317,1,0.883
519706,Moti Varnoli,Desar,22.692163,73.274425,1388.0,0,2,0,87.5,12.15,0.001,94.8,162.2,249.6,300.0,1.051,1,0.902
519712,Pipalchhat Vanto,Desar,22.694689,73.38464,310.0,1,2,1,87.5,11.7,0.001,95.2,162.8,250.4,303.5,0.819,1,0.897
519707,Nani Varnoli,Desar,22.691971,73.291851,263.0,1,2,0,95.0,12.6,0.001,94.5,161.7,248.8,295.0,0.687,1,0.93
519711,Dolatpura,Desar,22.692905,73.367228,484.0,1,2,1,87.5,11.7,0.001,96.1,164.3,252.8,300.5,0.618,1,0.898
519713,Rampuri Narpuri,Desar,22.6889,73.381596,508.0,1,2,1,87.5,11.25,0.002,95.5,163.3,251.2,300.5,1.46,1,0.886
519708,Chhalier,Desar,22.690042,73.310529,4027.0,1,2,0,90.0,11.7,0.001,94.2,161.2,248.0,298.0,0.271,1,0.895
519710,Ghemalpura,Desar,22.688546,73.3522,404.0,1,2,0,85.0,10.8,0.001,94.8,162.2,249.6,303.0,0.808,1,0.868
519709,Vankaneda,Desar,22.689375,73.342643,1543.0,0,3,1,87.5,11.25,0.001,95.5,163.3,251.2,299.5,0.953,1,0.885
519718,Rajpur,Desar,22.681284,73.285408,578.0,1,2,0,87.5,11.25,0.001,94.5,161.7,248.8,296.0,1.712,1,0.878
519726,Pipalchhat,Desar,22.683959,73.394569,738.0,1,2,1,95.0,12.6,0.001,95.2,162.8,250.4,298.5,1.084,1,0.936
519714,Vadiya Pandu,Desar,22.681779,73.372321,226.0,0,2,0,92.5,12.15,0.002,96.4,164.8,253.6,303.0,0.309,1,0.926
519715,Rajupura,Desar,22.678101,73.357688,988.0,1,2,1,87.5,11.25,0.001,94.8,162.2,249.6,309.6,0.148,1,0.891
519716,Limdanu Muvadu,Desar,22.675546,73.343148,260.0,1,3,0,82.5,11.25,0.001,95.2,162.8,250.4,300.0,0.181,1,0.87
519725,Pandu,Desar,22.67458,73.381692,1911.0,0,2,1,90.0,11.7,0.001,96.1,164.3,252.8,301.5,0.19,1,0.906
519727,Sanpiya,Desar,22.676801,73.404608,814.0,0,2,1,95.0,12.6,0.001,95.8,163.8,252.0,300.0,0.031,1,0.94
519719,Pratappura,Desar,22.67092,73.295452,1904.0,1,2,0,95.0,12.6,0.002,95.2,162.8,250.4,299.0,1.69,1,0.936
519698,Nani Varnoli Vanto,Desar,22.711908,73.279058,390.0,1,2,0,82.5,10.35,0.001,94.8,162.2,249.6,297.5,1.219,1,0.848
519717,Kalyan Patelnu Muvadu,Desar,22.67911,73.317626,218.0,1,2,1,90.0,11.7,0.001,95.5,163.3,251.2,301.5,0.116,1,0.904
519776,Singaniya,Savli,22.515372,73.408679,302.0,0,2,1,92.5,12.15,0.001,93.6,160.2,246.4,301.0,0.504,1,0.913
519775,Khakhariya,Savli,22.541527,73.404569,2023.0,0,3,1,85.0,10.8,0.0,95.2,162.8,250.4,298.0,2.794,1,0.866
519929,Rajpura,Vaghodia,22.49415,73.408481,2277.0,1,2,1,92.5,12.15,0.001,93.9,160.7,247.2,301.5,1.08,1,0.915
519930,Sarnej,Vaghodia,22.479316,73.412146,2297.0,0,2,1,95.0,13.05,0.001,93.9,160.7,247.2,301.5,1.353,1,0.944
519932,Hansapura,Vaghodia,22.464653,73.405246,1216.0,1,3,1,90.0,11.25,0.001,93.3,159.6,245.6,300.5,0.008,1,0.884
519931,Khandiwada,Vaghodia,22.45873,73.420955,1033.0,1,2,1,90.0,11.25,0.001,93.6,160.2,246.4,301.5,0.922,1,0.886
519729,Kaslapura,Desar,22.661765,73.412087,758.0,0,2,1,92.5,12.15,0.001,94.5,161.7,248.8,301.0,0.855,1,0.917
519689,Tulsigam,Desar,22.772278,73.398801,1546.0,1,2,1,97.5,13.05,0.0,94.8,162.2,249.6,302.5,2.149,1,0.95
519690,Vachchhesar,Desar,22.764564,73.401582,2695.0,1,2,1,95.0,12.6,0.05,95.2,162.8,250.4,299.0,3.025,1,0.936
519728,Mokampura,Desar,22.670578,73.41003,795.0,0,2,1,92.5,12.15,0.001,95.5,163.3,251.2,302.0,0.72,1,0.922
