village_code,village_name,subdistrict,latitude,longitude,total_population,total_households,sc_st_population_share_pct,composite_risk_score_FROM_MODEL5,priority_category_FROM_MODEL5,urgency_score
521212,Alampura,Karjan,21.852286,73.21197,639.0,138.0,59.47,0.67,High (Relocation Priority),428.13000000000005
521189,Ranapur,Karjan,21.948871,73.255503,1166.0,271.0,26.07,0.602,Medium (Mitigation),701.932
521185,Latipur Timbi,Karjan,21.946091,73.184216,908.0,181.0,12.67,0.605,Medium (Mitigation),549.34
521005,Surajghoda,Dabhoi,22.067393,73.538224,77.0,15.0,23.38,0.475,Medium (Mitigation),36.574999999999996
521135,Kanabha,Karjan,22.0648,73.030688,1574.0,316.0,10.42,0.604,Medium (Mitigation),950.696
521141,Karamadi,Karjan,22.050547,73.08421,1763.0,413.0,57.01,0.652,High (Relocation Priority),1149.476
521220,Vaniyad,Sinor,22.028989,73.401592,851.0,184.0,49.0,0.585,Medium (Mitigation),497.835
521206,Lilod,Karjan,21.882002,73.226019,1223.0,268.0,28.37,0.623,Medium (Mitigation),761.929
521097,Bhadara,Padra,22.141,73.033592,730.0,137.0,9.04,0.572,Medium (Mitigation),417.55999999999995
519880,Rabhipura,Vadodara Rural,22.168777,73.231734,619.0,133.0,9.37,0.646,Medium (Mitigation),399.874
519890,Meghakui,Vadodara Rural,22.138633,73.278804,1208.0,266.0,26.9,0.473,Medium (Mitigation),571.384
519858,Talsat,Vadodara Rural,22.238004,73.1711,1124.0,249.0,7.74,0.472,Medium (Mitigation),530.528
519835,Sisva,Vadodara Rural,22.397016,73.178636,2799.0,533.0,12.04,0.606,Medium (Mitigation),1696.194
519884,Vadsala,Vadodara Rural,22.157934,73.174287,3156.0,758.0,36.72,0.674,High (Relocation Priority),2127.1440000000002
519876,Hansajipura,Vadodara Rural,22.205196,73.260987,223.0,47.0,17.94,0.548,Medium (Mitigation),122.20400000000001
519861,Chikhodara,Vadodara Rural,22.233156,73.236326,1747.0,380.0,25.36,0.606,Medium (Mitigation),1058.682
802597,Por Ramangamdi INA,Vadodara Rural,22.142991,73.180844,311.0,123.0,28.63,0.502,Medium (Mitigation),156.122
519915,Sama OG,Vadodara Rural,22.347302,73.207008,0.0,0.0,28.63,0.5,Medium (Mitigation),0.0
521151,Dhamanja,Karjan,21.998056,73.080688,890.0,175.0,57.3,0.629,Medium (Mitigation),559.8100000000001
521152,Lakodara,Karjan,21.995859,73.111902,1947.0,389.0,23.88,0.462,Medium (Mitigation),899.514
521162,Osalam,Karjan,21.991137,73.145019,1678.0,335.0,46.42,0.602,Medium (Mitigation),1010.156
521112,Kotna,Padra,22.0948,72.981493,1214.0,257.0,30.56,0.596,Medium (Mitigation),723.544
521116,Kothwada,Padra,22.110103,73.07992,780.0,159.0,16.92,0.612,Medium (Mitigation),477.36
521113,Shahera,Padra,22.100724,73.017333,869.0,187.0,19.79,0.643,Medium (Mitigation),558.767
521117,Vasnaref,Padra,22.08068,72.97523,407.0,88.0,15.97,0.567,Medium (Mitigation),230.76899999999998
521119,Sokhdaraghu,Padra,22.064954,72.97663,2015.0,397.0,18.46,0.643,Medium (Mitigation),1295.645
519899,Kashipura,Vadodara Rural,22.116365,73.166323,1117.0,241.0,50.49,0.563,Medium (Mitigation),628.871
519898,Sarar,Vadodara Rural,22.104863,73.149804,2480.0,518.0,28.59,0.598,Medium (Mitigation),1483.04
251215,Karjan,Karjan,22.053736,73.127378,30405.0,6473.0,28.63,0.448,Medium (Mitigation),13621.44
520999,Mandala,Dabhoi,22.082633,73.328643,3427.0,794.0,53.02,0.534,Medium (Mitigation),1830.018
520998,Parikha,Dabhoi,22.082741,73.291885,1131.0,253.0,48.28,0.429,Medium (Mitigation),485.199
520973,Nada,Dabhoi,22.131256,73.375066,1826.0,462.0,52.52,0.482,Medium (Mitigation),880.132
520979,Sejpura,Dabhoi,22.122262,73.298782,421.0,97.0,83.37,0.561,Medium (Mitigation),236.181
520982,Tharvasa,Dabhoi,22.112532,73.392616,731.0,151.0,38.99,0.542,Medium (Mitigation),396.20200000000006
520981,Baripura,Dabhoi,22.112979,73.33336,720.0,168.0,30.83,0.599,Medium (Mitigation),431.28
520980,Vakhatpura,Dabhoi,22.115875,73.315005,180.0,47.0,38.89,0.642,Medium (Mitigation),115.56
520991,Habipura,Dabhoi,22.106409,73.353946,1688.0,373.0,34.95,0.558,Medium (Mitigation),941.9040000000001
520978,Chhatral,Dabhoi,22.109304,73.290473,1170.0,260.0,38.21,0.573,Medium (Mitigation),670.41
520977,Khanpur,Dabhoi,22.11699,73.276368,918.0,192.0,35.19,0.598,Medium (Mitigation),548.9639999999999
520994,Menpura,Dabhoi,22.106381,73.232355,1048.0,241.0,57.25,0.522,Medium (Mitigation),547.056
520993,Kunvarpura,Dabhoi,22.102555,73.268697,482.0,109.0,16.8,0.66,High (Relocation Priority),318.12
521128,Bamangam,Karjan,22.103873,73.192831,1884.0,418.0,21.76,0.508,Medium (Mitigation),957.072
519905,Samsabad,Vadodara Rural,22.120986,73.265597,801.0,180.0,39.08,0.574,Medium (Mitigation),459.77399999999994
520987,Navi Mangrol,Dabhoi,22.095945,73.471121,394.0,94.0,52.79,0.62,Medium (Mitigation),244.28
521020,Manpur,Dabhoi,22.05,73.448552,371.0,92.0,30.19,0.507,Medium (Mitigation),188.097
521023,Akoti,Dabhoi,22.041523,73.490974,1091.0,225.0,34.1,0.545,Medium (Mitigation),594.595
521001,Sitpur,Dabhoi,22.08057,73.471272,1813.0,415.0,47.05,0.524,Medium (Mitigation),950.0120000000001
520989,Gamdi Kanayada,Dabhoi,22.095686,73.413239,981.0,201.0,25.69,0.604,Medium (Mitigation),592.524
521003,Dharmapura,Dabhoi,22.085604,73.534557,338.0,79.0,18.93,0.444,Medium (Mitigation),150.072
521012,Vadaj,Dabhoi,22.075049,73.438367,2266.0,493.0,64.34,0.477,Medium (Mitigation),1080.882
521002,Bhilodiya,Dabhoi,22.079777,73.507412,1251.0,321.0,28.54,0.396,Low (Monitoring),495.396
521000,Kanayada,Dabhoi,22.076657,73.405223,1421.0,266.0,31.53,0.511,Medium (Mitigation),726.131
521010,Chanwada,Dabhoi,22.064168,73.468113,1686.0,361.0,30.66,0.524,Medium (Mitigation),883.464
521004,Para,Dabhoi,22.072918,73.531128,211.0,53.0,54.5,0.525,Medium (Mitigation),110.775
521006,Asgol,Dabhoi,22.064052,73.533433,352.0,84.0,17.05,0.425,Medium (Mitigation),149.6
521007,Araniya,Dabhoi,22.058945,73.527337,417.0,98.0,34.29,0.604,Medium (Mitigation),251.868
521013,Ten Talav,Dabhoi,22.049604,73.413979,3013.0,658.0,47.93,0.565,Medium (Mitigation),1702.3449999999998
521009,Asodara,Dabhoi,22.048387,73.5033,746.0,158.0,90.62,0.644,Medium (Mitigation),480.42400000000004
521008,Nagdol,Dabhoi,22.053618,73.516519,557.0,132.0,64.63,0.643,Medium (Mitigation),358.151
521011,Ordi,Dabhoi,22.050937,73.459476,742.0,145.0,29.78,0.608,Medium (Mitigation),451.13599999999997
521022,Paragam,Dabhoi,22.040225,73.47484,582.0,126.0,31.96,0.506,Medium (Mitigation),294.492
521021,Rajpura,Dabhoi,22.034954,73.452827,759.0,165.0,38.21,0.563,Medium (Mitigation),427.31699999999995
521026,Gumanpura,Dabhoi,22.027967,73.466711,365.0,75.0,15.62,0.622,Medium (Mitigation),227.03
521025,Bhumasiya,Dabhoi,22.029212,73.484929,427.0,88.0,59.72,0.564,Medium (Mitigation),240.82799999999997
521024,Sompura,Dabhoi,22.025399,73.498561,581.0,131.0,26.16,0.501,Medium (Mitigation),291.081
521030,Jesangpura,Dabhoi,22.019937,73.480743,102.0,24.0,100.0,0.565,Medium (Mitigation),57.629999999999995
521027,Sanor,Dabhoi,22.01772,73.454152,1258.0,296.0,39.9,0.56,Medium (Mitigation),704.48
521031,Bhalodra,Dabhoi,22.010556,73.493043,657.0,137.0,57.69,0.627,Medium (Mitigation),411.939
521028,Mandva,Dabhoi,22.001965,73.434328,2792.0,627.0,29.12,0.544,Medium (Mitigation),1518.8480000000002
521033,Gamdi,Dabhoi,21.999967,73.472539,138.0,29.0,92.03,0.647,Medium (Mitigation),89.286
521029,Fulwadi,Dabhoi,22.007016,73.452339,593.0,125.0,61.55,0.465,Medium (Mitigation),275.745
521034,Chandod,Dabhoi,21.991799,73.460127,3019.0,742.0,14.87,0.565,Medium (Mitigation),1705.735
521219,Nana Karala,Sinor,22.018617,73.417563,1173.0,244.0,41.77,0.574,Medium (Mitigation),673.3019999999999
521234,Satisana,Sinor,22.001769,73.406543,937.0,208.0,49.63,0.445,Medium (Mitigation),416.96500000000003
521032,Baglipura,Dabhoi,22.003732,73.504446,422.0,82.0,6.16,0.447,Medium (Mitigation),188.63400000000001
520985,Bhimpura Kukad,Dabhoi,22.139255,73.508042,1347.0,319.0,54.86,0.53,Medium (Mitigation),713.9100000000001
520984,Karnet,Dabhoi,22.114336,73.484308,2044.0,415.0,74.02,0.559,Medium (Mitigation),1142.596
520983,Boriyad,Dabhoi,22.120655,73.460479,1024.0,226.0,70.7,0.633,Medium (Mitigation),648.192
520988,Dharmpuri,Dabhoi,22.10525,73.445468,1732.0,390.0,57.45,0.584,Medium (Mitigation),1011.4879999999999
520986,Juni Mangrol,Dabhoi,22.104319,73.475881,475.0,102.0,23.79,0.595,Medium (Mitigation),282.625
251213,Dabhoi,Dabhoi,22.132821,73.43051,51240.0,10259.0,28.63,0.458,Medium (Mitigation),23467.920000000002
521017,Kayavarohan,Dabhoi,22.075851,73.250283,8409.0,1899.0,34.37,0.517,Medium (Mitigation),4347.453
520995,Puniyad,Dabhoi,22.100616,73.213227,1544.0,322.0,34.72,0.574,Medium (Mitigation),886.256
520992,Kothara,Dabhoi,22.101065,73.306994,824.0,185.0,60.44,0.53,Medium (Mitigation),436.72
520990,Sathod,Dabhoi,22.088947,73.380113,3682.0,788.0,46.44,0.53,Medium (Mitigation),1951.46
520997,Sultanpura,Dabhoi,22.081722,73.275647,559.0,111.0,48.48,0.529,Medium (Mitigation),295.711
520996,Fofaliya,Dabhoi,22.077858,73.207523,985.0,199.0,37.56,0.642,Medium (Mitigation),632.37
521015,Pisai,Dabhoi,22.065104,73.353468,1396.0,326.0,44.48,0.502,Medium (Mitigation),700.792
521014,Shirola,Dabhoi,22.056849,73.383541,1599.0,356.0,23.7,0.559,Medium (Mitigation),893.8410000000001
521016,Karmal,Dabhoi,22.058746,73.302368,1401.0,333.0,47.39,0.577,Medium (Mitigation),808.377
521018,Lingsthali,Dabhoi,22.042229,73.252039,1935.0,447.0,43.93,0.621,Medium (Mitigation),1201.635
521019,Bananj,Dabhoi,22.024348,73.233382,835.0,197.0,62.87,0.612,Medium (Mitigation),511.02
521143,Dhanora,Karjan,22.081782,73.187754,741.0,162.0,29.28,0.588,Medium (Mitigation),435.70799999999997
521144,Gandhara,Karjan,22.053571,73.215055,1828.0,413.0,33.04,0.541,Medium (Mitigation),988.9480000000001
521145,Ganpatpura,Karjan,22.055872,73.196843,1466.0,304.0,50.82,0.425,Medium (Mitigation),623.05
521156,Dhavat,Karjan,22.033506,73.18218,2340.0,539.0,47.44,0.564,Medium (Mitigation),1319.7599999999998
521157,Kurali,Karjan,22.024655,73.212051,1924.0,459.0,59.56,0.518,Medium (Mitigation),996.6320000000001
521158,Vemar,Karjan,22.001203,73.236051,2655.0,570.0,52.32,0.541,Medium (Mitigation),1436.355
521160,Kasampur,Karjan,22.010784,73.197272,601.0,143.0,56.41,0.643,Medium (Mitigation),386.443
521159,Kothav,Karjan,22.000365,73.216065,998.0,198.0,33.07,0.492,Medium (Mitigation),491.016
521172,Nishaliya,Karjan,21.994476,73.203651,533.0,114.0,51.59,0.61,Medium (Mitigation),325.13
521171,Choranda,Karjan,21.988212,73.178437,3674.0,731.0,23.84,0.58,Medium (Mitigation),2130.92
521217,Sandha,Sinor,22.051567,73.333742,714.0,165.0,41.88,0.538,Medium (Mitigation),384.132
521218,Damnagar,Sinor,22.048448,73.35436,587.0,134.0,42.25,0.571,Medium (Mitigation),335.17699999999996
521216,Garadi,Sinor,22.046886,73.313492,1223.0,242.0,12.76,0.467,Medium (Mitigation),571.1410000000001
521215,Nana Habipura,Sinor,22.045817,73.288605,771.0,171.0,43.06,0.596,Medium (Mitigation),459.51599999999996
521225,Achisara,Sinor,22.032329,73.319689,937.0,212.0,45.57,0.586,Medium (Mitigation),549.082
521222,Puniyad,Sinor,22.034808,73.362022,1426.0,343.0,45.65,0.65,Medium (Mitigation),926.9
521221,Anandi,Sinor,22.027457,73.377876,1470.0,332.0,42.86,0.55,Medium (Mitigation),808.5000000000001
521223,Bhekhada,Sinor,22.034538,73.340775,572.0,139.0,53.15,0.518,Medium (Mitigation),296.296
521214,Timbarva,Sinor,22.02638,73.271644,2047.0,504.0,47.19,0.528,Medium (Mitigation),1080.816
521224,Chhanbhoi,Sinor,22.018022,73.343451,817.0,203.0,62.79,0.675,High (Relocation Priority),551.475
521231,Avakhal,Sinor,22.0029,73.3245,3162.0,753.0,45.51,0.437,Medium (Mitigation),1381.794
521232,Malpur,Sinor,22.006701,73.353646,1179.0,246.0,46.99,0.587,Medium (Mitigation),692.073
521226,Tarva,Sinor,22.00933,73.267989,808.0,179.0,68.32,0.515,Medium (Mitigation),416.12
521233,Segva,Sinor,22.006763,73.374721,1414.0,308.0,48.16,0.426,Medium (Mitigation),602.364
521230,Sadhli,Sinor,21.990856,73.297683,6269.0,1284.0,23.91,0.554,Medium (Mitigation),3473.0260000000003
521108,Sampla,Padra,22.092733,72.917623,1449.0,310.0,16.7,0.564,Medium (Mitigation),817.2359999999999
521107,Shanpur,Padra,22.104415,72.950166,1367.0,277.0,11.85,0.492,Medium (Mitigation),672.564
521090,Kanzat,Padra,22.108455,72.889902,4659.0,1005.0,6.48,0.55,Medium (Mitigation),2562.4500000000003
521110,Bhanpur,Padra,22.090872,72.938779,801.0,164.0,2.12,0.573,Medium (Mitigation),458.97299999999996
521111,Vanchhara,Padra,22.075925,72.949723,1460.0,315.0,34.86,0.562,Medium (Mitigation),820.5200000000001
521109,Danoli,Padra,22.069706,72.919621,1017.0,232.0,9.14,0.549,Medium (Mitigation),558.3330000000001
521118,Nedra,Padra,22.052913,72.928131,1030.0,226.0,39.42,0.612,Medium (Mitigation),630.36
521227,Tinglod,Sinor,21.990449,73.25099,819.0,194.0,44.2,0.47,Medium (Mitigation),384.92999999999995
521122,Abhara,Karjan,22.088832,73.023087,1059.0,245.0,61.66,0.64,Medium (Mitigation),677.76
521142,Kandari,Karjan,22.080348,73.151713,4295.0,973.0,46.87,0.539,Medium (Mitigation),2315.005
521132,Kurai,Karjan,22.077144,73.102052,1473.0,344.0,60.9,0.577,Medium (Mitigation),849.9209999999999
521134,Handod,Karjan,22.074506,73.054631,2095.0,466.0,30.69,0.439,Medium (Mitigation),919.705
521133,Khandha,Karjan,22.070567,73.073476,1362.0,259.0,23.42,0.576,Medium (Mitigation),784.512
521136,Chorbhuj,Karjan,22.061192,73.010019,1128.0,254.0,28.99,0.576,Medium (Mitigation),649.728
521123,Sambhoi,Karjan,22.107029,73.03894,1257.0,253.0,32.22,0.607,Medium (Mitigation),762.999
521124,Surwada,Karjan,22.107989,73.055006,1382.0,299.0,23.44,0.505,Medium (Mitigation),697.91
521121,Virjai,Karjan,22.100334,73.001793,1738.0,397.0,29.92,0.541,Medium (Mitigation),940.258
521126,Pingalwada,Karjan,22.108714,73.097279,1508.0,359.0,31.83,0.511,Medium (Mitigation),770.588
521127,Harsunda,Karjan,22.10727,73.123008,463.0,105.0,58.53,0.653,High (Relocation Priority),302.339
521125,Manpur,Karjan,22.098113,73.075975,1022.0,210.0,41.1,0.52,Medium (Mitigation),531.44
521131,Anastu,Karjan,22.086903,73.114773,1899.0,420.0,44.13,0.479,Medium (Mitigation),909.621
521129,Manglej,Karjan,22.094203,73.173107,1297.0,276.0,45.1,0.486,Medium (Mitigation),630.342
521130,Kherda,Karjan,22.092915,73.136272,1211.0,221.0,17.34,0.594,Medium (Mitigation),719.334
521137,Umaj,Karjan,22.055899,72.964382,1167.0,245.0,34.53,0.553,Medium (Mitigation),645.351
521146,Vemardi,Karjan,22.052172,73.172982,1212.0,256.0,51.4,0.486,Medium (Mitigation),589.032
521166,Mankan,Karjan,21.932658,73.069718,1792.0,335.0,25.22,0.628,Medium (Mitigation),1125.376
521184,Sarupur Timbi,Karjan,21.929106,73.150558,768.0,158.0,45.57,0.634,Medium (Mitigation),486.91200000000003
521183,Saniyad,Karjan,21.923933,73.173165,1228.0,259.0,60.02,0.521,Medium (Mitigation),639.788
521163,Dethan,Karjan,21.977393,73.104835,2225.0,444.0,24.31,0.506,Medium (Mitigation),1125.85
521164,Valan,Karjan,21.954884,73.075371,10182.0,1854.0,15.46,0.424,Medium (Mitigation),4317.168
521169,Atali,Karjan,21.963404,73.147394,1222.0,262.0,35.52,0.567,Medium (Mitigation),692.8739999999999
521170,Bachar,Karjan,21.962801,73.17002,1253.0,252.0,28.57,0.552,Medium (Mitigation),691.6560000000001
521168,Kiya,Karjan,21.957047,73.121666,1410.0,273.0,22.91,0.564,Medium (Mitigation),795.2399999999999
521176,Urad,Karjan,21.941814,73.159467,1073.0,226.0,37.65,0.615,Medium (Mitigation),659.895
521177,Koliyad,Karjan,21.927209,73.131173,2612.0,538.0,45.83,0.577,Medium (Mitigation),1507.1239999999998
521167,Divi,Karjan,21.933756,73.116397,844.0,162.0,38.51,0.481,Medium (Mitigation),405.964
521165,Mesrad,Karjan,21.930546,73.021135,2174.0,393.0,27.92,0.557,Medium (Mitigation),1210.9180000000001
521178,Sansrod,Karjan,21.912531,73.096947,5649.0,1129.0,26.87,0.553,Medium (Mitigation),3123.8970000000004
521182,Sanapura,Karjan,21.90548,73.145016,891.0,207.0,51.96,0.619,Medium (Mitigation),551.529
521181,Saring,Karjan,21.890801,73.129828,1731.0,385.0,41.19,0.599,Medium (Mitigation),1036.869
521179,Haldarva,Karjan,21.896641,73.077939,2141.0,402.0,41.29,0.472,Medium (Mitigation),1010.5519999999999
521195,Karan,Karjan,21.89618,73.168278,703.0,151.0,39.4,0.584,Medium (Mitigation),410.55199999999996
521180,Mantroj,Karjan,21.889077,73.10036,857.0,190.0,63.83,0.597,Medium (Mitigation),511.62899999999996
521196,Pachhiyapura,Karjan,21.894566,73.156396,1144.0,254.0,29.11,0.448,Medium (Mitigation),512.5120000000001
521197,Delvada,Karjan,21.877363,73.14759,504.0,131.0,27.98,0.599,Medium (Mitigation),301.896
521199,Arjanpura,Karjan,21.867865,73.164557,368.0,75.0,15.49,0.494,Medium (Mitigation),181.792
521198,Somaj,Karjan,21.868243,73.149303,230.0,53.0,37.83,0.597,Medium (Mitigation),137.31
521192,Samri,Karjan,21.935162,73.197469,1436.0,267.0,12.4,0.552,Medium (Mitigation),792.672
521173,Methi,Karjan,21.973103,73.221783,1076.0,252.0,40.33,0.467,Medium (Mitigation),502.492
521174,Chhanchhva,Karjan,21.973599,73.197097,727.0,153.0,60.52,0.64,Medium (Mitigation),465.28000000000003
521175,Kala,Karjan,21.949247,73.1791,1323.0,253.0,15.42,0.611,Medium (Mitigation),808.353
521187,Simli,Karjan,21.952537,73.220691,1682.0,363.0,55.95,0.626,Medium (Mitigation),1052.932
521186,Kanthariya,Karjan,21.947104,73.19995,574.0,137.0,45.12,0.59,Medium (Mitigation),338.65999999999997
521188,Kothiya,Karjan,21.943,73.238991,1072.0,249.0,27.61,0.604,Medium (Mitigation),647.4879999999999
521190,Deroli,Karjan,21.935378,73.221769,581.0,139.0,28.4,0.547,Medium (Mitigation),317.807
521193,Samra,Karjan,21.918272,73.193568,936.0,191.0,24.89,0.553,Medium (Mitigation),517.6080000000001
521191,Fatepur,Karjan,21.918199,73.21762,668.0,146.0,55.39,0.628,Medium (Mitigation),419.504
521194,Sherpura,Karjan,21.905708,73.187584,238.0,50.0,66.39,0.489,Medium (Mitigation),116.38199999999999
521203,Kahona,Karjan,21.90302,73.210746,582.0,140.0,64.95,0.669,High (Relocation Priority),389.358
521140,Kambola,Karjan,22.040465,73.053253,1244.0,311.0,53.54,0.501,Medium (Mitigation),623.244
521202,Ropa,Karjan,21.890067,73.20414,729.0,156.0,60.22,0.645,Medium (Mitigation),470.20500000000004
521204,Hirjipura,Karjan,21.896063,73.215054,212.0,55.0,58.49,0.626,Medium (Mitigation),132.712
521201,Rarod,Karjan,21.873413,73.196423,1335.0,313.0,53.26,0.435,Medium (Mitigation),580.725
521200,Oz,Karjan,21.87564,73.180678,1616.0,341.0,46.35,0.49,Medium (Mitigation),791.84
521205,Bakapur,Karjan,21.890455,73.218039,114.0,24.0,79.82,0.69,High (Relocation Priority),78.66
521208,Malod,Karjan,21.875783,73.219811,587.0,115.0,13.63,0.639,Medium (Mitigation),375.093
521207,Sayar,Karjan,21.857272,73.234331,2364.0,491.0,16.07,0.595,Medium (Mitigation),1406.58
521209,Sagdol,Karjan,21.861315,73.214469,1022.0,231.0,55.77,0.501,Medium (Mitigation),512.022
521210,Pura,Karjan,21.84658,73.185721,1149.0,239.0,48.74,0.616,Medium (Mitigation),707.784
521213,Nani Koral,Karjan,21.836794,73.222085,723.0,157.0,47.72,0.661,High (Relocation Priority),477.903
521211,Moti Koral,Karjan,21.835705,73.206877,2809.0,602.0,7.19,0.557,Medium (Mitigation),1564.613
521235,Mota Karala,Sinor,21.985864,73.394809,1932.0,460.0,72.15,0.474,Medium (Mitigation),915.7679999999999
521236,Simli,Sinor,21.984892,73.361907,1695.0,377.0,61.06,0.441,Medium (Mitigation),747.495
521229,Utraj,Sinor,21.982802,73.275034,1851.0,431.0,33.55,0.526,Medium (Mitigation),973.6260000000001
521238,Tersa,Sinor,21.979599,73.329423,761.0,166.0,53.35,0.524,Medium (Mitigation),398.764
521239,Manjrol,Sinor,21.958358,73.313963,1903.0,415.0,29.16,0.611,Medium (Mitigation),1162.733
521237,Kukas,Sinor,21.968984,73.339508,1885.0,423.0,31.25,0.469,Medium (Mitigation),884.0649999999999
521228,Bavaliya,Sinor,21.972337,73.245191,851.0,184.0,55.46,0.599,Medium (Mitigation),509.74899999999997
521244,Mota Fofaliya,Sinor,21.962219,73.372037,2235.0,549.0,50.78,0.419,Medium (Mitigation),936.4649999999999
521241,Diver,Sinor,21.948215,73.272071,1252.0,298.0,48.8,0.464,Medium (Mitigation),580.928
521240,Mindhol,Sinor,21.952392,73.295069,1517.0,317.0,21.29,0.45,Medium (Mitigation),682.65
521249,Kanjetha,Sinor,21.945834,73.354149,786.0,193.0,47.07,0.402,Medium (Mitigation),315.97200000000004
521253,Zanzad,Sinor,21.934401,73.397659,1418.0,362.0,43.58,0.453,Medium (Mitigation),642.354
521248,Ambali,Sinor,21.941445,73.383561,765.0,191.0,59.22,0.52,Medium (Mitigation),397.8
521243,Damapura,Sinor,21.938019,73.340071,692.0,159.0,42.34,0.447,Medium (Mitigation),309.324
521242,Surasamal,Sinor,21.935182,73.299184,1982.0,407.0,32.19,0.446,Medium (Mitigation),883.972
521250,Sinor,Sinor,21.913786,73.32889,8041.0,1806.0,24.35,0.535,Medium (Mitigation),4301.935
521251,Mandva,Sinor,21.916101,73.302506,1756.0,351.0,23.29,0.457,Medium (Mitigation),802.4920000000001
521252,Malsar,Sinor,21.900312,73.310124,2284.0,564.0,46.23,0.583,Medium (Mitigation),1331.572
521139,Bodaka,Karjan,22.051885,73.042031,1292.0,291.0,31.81,0.602,Medium (Mitigation),777.784
521148,Juni Jitharadi,Karjan,22.036119,73.142535,1417.0,328.0,45.31,0.54,Medium (Mitigation),765.1800000000001
521149,Miyagam,Karjan,22.024358,73.081515,5416.0,1106.0,9.47,0.489,Medium (Mitigation),2648.424
521147,Navi Jithardi,Karjan,22.033466,73.159902,502.0,105.0,44.22,0.46,Medium (Mitigation),230.92000000000002
521138,Sanpa,Karjan,22.034048,73.012524,2120.0,449.0,40.05,0.487,Medium (Mitigation),1032.44
521154,Bharthana,Karjan,22.010464,73.135645,1761.0,364.0,39.52,0.47,Medium (Mitigation),827.67
521037,Karnali,Dabhoi,21.984619,73.497232,2084.0,470.0,47.36,0.56,Medium (Mitigation),1167.0400000000002
521035,Bhimpura,Dabhoi,21.987198,73.436545,232.0,63.0,84.05,0.66,High (Relocation Priority),153.12
521036,Nanderiya,Dabhoi,21.977089,73.428682,554.0,132.0,32.49,0.591,Medium (Mitigation),327.414
521245,Bithali,Sinor,21.968351,73.408341,1045.0,256.0,53.3,0.454,Medium (Mitigation),474.43
521246,Dariapura,Sinor,21.961805,73.426855,315.0,80.0,62.54,0.526,Medium (Mitigation),165.69
521247,Moletha,Sinor,21.942678,73.417418,1402.0,324.0,57.7,0.598,Medium (Mitigation),838.396
521254,Barkal,Sinor,21.926138,73.414838,1896.0,466.0,54.27,0.69,High (Relocation Priority),1308.24
521150,Mangrol,Karjan,22.010746,73.042253,1485.0,316.0,45.05,0.469,Medium (Mitigation),696.4649999999999
521153,Vadava,Karjan,22.016245,73.117332,63.0,19.0,68.25,0.626,Medium (Mitigation),39.438
521155,Bharthali,Karjan,22.012236,73.158012,697.0,158.0,58.97,0.641,Medium (Mitigation),446.777
521161,Sandarna,Karjan,22.009674,73.171879,621.0,138.0,52.5,0.639,Medium (Mitigation),396.819
521053,Majatan,Padra,22.200015,72.946778,3288.0,629.0,1.61,0.621,Medium (Mitigation),2041.848
521068,Sandha,Padra,22.195533,72.9519,2600.0,531.0,0.96,0.633,Medium (Mitigation),1645.8
521051,Dudhwada,Padra,22.188995,72.88756,1854.0,460.0,17.96,0.537,Medium (Mitigation),995.5980000000001
521069,Chitral,Padra,22.181074,72.94459,1728.0,351.0,4.34,0.515,Medium (Mitigation),889.9200000000001
521073,Gavasad,Padra,22.157491,72.945741,3613.0,780.0,9.38,0.522,Medium (Mitigation),1885.986
521070,Brahmanvasi,Padra,22.156645,72.87854,2175.0,430.0,5.24,0.586,Medium (Mitigation),1274.55
521072,Gametha,Padra,22.158279,72.921893,3759.0,762.0,2.08,0.623,Medium (Mitigation),2341.857
521071,Masar,Padra,22.138,72.902181,3552.0,764.0,11.97,0.494,Medium (Mitigation),1754.6879999999999
521089,Kural,Padra,22.135169,72.92693,2659.0,569.0,11.36,0.544,Medium (Mitigation),1446.496
521092,Pindapa,Padra,22.118469,72.939888,1572.0,302.0,3.31,0.561,Medium (Mitigation),881.892
521091,Abhor,Padra,22.113757,72.911893,2304.0,472.0,8.2,0.504,Medium (Mitigation),1161.216
521038,Mahmadpura,Padra,22.291407,72.940406,1481.0,323.0,1.35,0.55,Medium (Mitigation),814.5500000000001
521047,Dabka,Padra,22.256706,72.942834,7345.0,1545.0,3.38,0.543,Medium (Mitigation),3988.3350000000005
521046,Sultanpura,Padra,22.262225,72.953614,892.0,167.0,3.48,0.582,Medium (Mitigation),519.144
521050,Tithor,Padra,22.236859,72.879837,4916.0,1078.0,2.2,0.385,Low (Monitoring),1892.66
521048,Pavda,Padra,22.236162,72.947623,2113.0,453.0,0.0,0.57,Medium (Mitigation),1204.4099999999999
521049,Chokari,Padra,22.224893,72.932033,8884.0,1811.0,2.45,0.597,Medium (Mitigation),5303.748
521052,Karkhadi,Padra,22.211761,72.909747,4791.0,1100.0,9.41,0.491,Medium (Mitigation),2352.381
521066,Vadu,Padra,22.209616,72.986248,9626.0,1916.0,3.66,0.485,Medium (Mitigation),4668.61
521082,Chansad,Padra,22.205561,73.144045,2775.0,634.0,39.93,0.542,Medium (Mitigation),1504.0500000000002
521064,Ranu,Padra,22.211772,73.031885,6092.0,1188.0,8.54,0.498,Medium (Mitigation),3033.816
521065,Bhoj,Padra,22.193754,73.008189,7072.0,1403.0,4.19,0.559,Medium (Mitigation),3953.2480000000005
521079,Sejakuva,Padra,22.198411,73.068203,2343.0,512.0,24.93,0.597,Medium (Mitigation),1398.771
521078,Pipli,Padra,22.2017,73.053223,2046.0,406.0,11.49,0.653,High (Relocation Priority),1336.038
521081,Sareja,Padra,22.203683,73.113123,10.0,2.0,100.0,0.648,Medium (Mitigation),6.48
521080,Goriyad,Padra,22.196894,73.091538,1943.0,429.0,16.16,0.506,Medium (Mitigation),983.158
521067,Vishrampura,Padra,22.193413,72.967121,2997.0,606.0,2.64,0.584,Medium (Mitigation),1750.2479999999998
521083,Madapur,Padra,22.186936,73.111059,865.0,182.0,24.86,0.602,Medium (Mitigation),520.73
521076,Karnakuva,Padra,22.187439,72.979074,1289.0,283.0,8.69,0.519,Medium (Mitigation),668.991
521077,Vadadla,Padra,22.188515,73.028952,927.0,180.0,12.94,0.597,Medium (Mitigation),553.419
521085,Sadhi,Padra,22.161574,73.052519,3794.0,819.0,18.5,0.543,Medium (Mitigation),2060.1420000000003
521084,Amla,Padra,22.163586,73.07259,2129.0,449.0,11.65,0.52,Medium (Mitigation),1107.08
521098,Saras Vani,Padra,22.172324,73.097141,2305.0,511.0,28.37,0.506,Medium (Mitigation),1166.33
521074,Lola,Padra,22.177699,72.962268,1535.0,270.0,1.69,0.648,Medium (Mitigation),994.6800000000001
521099,Shihor,Padra,22.173503,73.125801,915.0,184.0,28.63,0.607,Medium (Mitigation),555.405
521075,Muval,Padra,22.170072,72.975278,4164.0,903.0,10.16,0.622,Medium (Mitigation),2590.008
521086,Anti,Padra,22.165322,73.0332,5055.0,837.0,5.48,0.63,Medium (Mitigation),3184.65
521087,Rajupura,Padra,22.168519,73.012009,1185.0,277.0,8.86,0.679,High (Relocation Priority),804.615
521088,Jalalpur,Padra,22.161426,72.996259,2069.0,434.0,9.57,0.537,Medium (Mitigation),1111.053
521100,Thikariya Mubarak,Padra,22.156815,73.117238,425.0,90.0,35.29,0.62,Medium (Mitigation),263.5
521096,Ambada,Padra,22.148851,73.018604,1021.0,244.0,11.85,0.497,Medium (Mitigation),507.437
521101,Virpur,Padra,22.145269,73.103502,310.0,71.0,34.19,0.561,Medium (Mitigation),173.91000000000003
521095,Kalyankui,Padra,22.14601,73.000385,627.0,141.0,11.0,0.558,Medium (Mitigation),349.86600000000004
521093,Mobha,Padra,22.132009,72.969914,4796.0,973.0,3.98,0.532,Medium (Mitigation),2551.472
521104,Bhadari,Padra,22.131602,73.046963,1111.0,217.0,19.71,0.645,Medium (Mitigation),716.595
521094,Sadra,Padra,22.129314,72.989277,2275.0,465.0,6.55,0.568,Medium (Mitigation),1292.1999999999998
521102,Medhad,Padra,22.130513,73.090522,695.0,147.0,62.16,0.6,Medium (Mitigation),417.0
521105,Gayapura,Padra,22.128234,73.022714,581.0,139.0,10.84,0.538,Medium (Mitigation),312.57800000000003
521103,Husepur,Padra,22.125176,73.075912,709.0,186.0,61.35,0.629,Medium (Mitigation),445.961
521106,Kanda,Padra,22.124838,73.006094,763.0,169.0,15.47,0.584,Medium (Mitigation),445.592
521115,Sadad,Padra,22.114914,73.061825,727.0,164.0,22.15,0.683,High (Relocation Priority),496.54100000000005
521114,Thikariya Math,Padra,22.118614,73.022857,329.0,78.0,48.02,0.656,High (Relocation Priority),215.824
519872,Khalipur,Vadodara Rural,22.204744,73.165883,1054.0,226.0,43.64,0.524,Medium (Mitigation),552.296
519882,Karali,Vadodara Rural,22.173667,73.153527,1075.0,225.0,25.58,0.699,High (Relocation Priority),751.425
519883,Itola,Vadodara Rural,22.15177,73.142673,3600.0,801.0,39.06,0.565,Medium (Mitigation),2033.9999999999998
519895,Raman Gamdi,Vadodara Rural,22.128858,73.171689,559.0,126.0,51.52,0.508,Medium (Mitigation),283.972
519896,Gosindra,Vadodara Rural,22.127304,73.126298,1021.0,219.0,43.49,0.7,High (Relocation Priority),714.6999999999999
519897,Untiya Medhad,Vadodara Rural,22.117336,73.107781,733.0,150.0,32.61,0.608,Medium (Mitigation),445.664
520921,Mahmadpura,Dabhoi,22.216605,73.282351,539.0,108.0,34.69,0.47,Medium (Mitigation),253.32999999999998
520922,Palaswada,Dabhoi,22.209198,73.299901,1447.0,325.0,61.37,0.571,Medium (Mitigation),826.237
520938,Kaddhara,Dabhoi,22.206892,73.373629,985.0,220.0,43.25,0.452,Medium (Mitigation),445.22
520920,Mosampura,Dabhoi,22.206209,73.27003,313.0,66.0,54.63,0.6,Medium (Mitigation),187.79999999999998
520930,Valipura,Dabhoi,22.207937,73.317144,437.0,88.0,54.92,0.614,Medium (Mitigation),268.318
520937,Kaddharapura,Dabhoi,22.211852,73.35813,458.0,112.0,55.02,0.568,Medium (Mitigation),260.14399999999995
520929,Bhavpura,Dabhoi,22.207408,73.328601,350.0,77.0,75.43,0.545,Medium (Mitigation),190.75
520940,Karali,Dabhoi,22.202326,73.400652,605.0,142.0,55.04,0.537,Medium (Mitigation),324.88500000000005
520936,Abdalapura,Dabhoi,22.200262,73.353441,479.0,108.0,23.59,0.602,Medium (Mitigation),288.358
520935,Vayadpur,Dabhoi,22.198432,73.342671,943.0,199.0,67.34,0.606,Medium (Mitigation),571.458
520931,Kundhela,Dabhoi,22.188539,73.281796,2513.0,566.0,50.78,0.563,Medium (Mitigation),1414.819
520952,Gojali,Dabhoi,22.190698,73.378433,565.0,155.0,67.96,0.645,Medium (Mitigation),364.425
520934,Bhilapur,Dabhoi,22.192919,73.325929,2290.0,512.0,52.53,0.564,Medium (Mitigation),1291.56
520953,Banaiya,Dabhoi,22.184445,73.35092,338.0,77.0,41.42,0.615,Medium (Mitigation),207.87
520951,Vasai,Dabhoi,22.173534,73.392085,1860.0,408.0,56.56,0.544,Medium (Mitigation),1011.84
520932,Baherampura,Dabhoi,22.176949,73.301674,514.0,130.0,75.29,0.65,Medium (Mitigation),334.1
520933,Navapur,Dabhoi,22.181324,73.316668,356.0,76.0,11.8,0.639,Medium (Mitigation),227.484
520958,Ambav,Dabhoi,22.163756,73.364609,851.0,161.0,76.62,0.544,Medium (Mitigation),462.944
520959,Puda,Dabhoi,22.17066,73.375582,858.0,186.0,41.49,0.598,Medium (Mitigation),513.084
520957,Thuvavi,Dabhoi,22.160641,73.341034,2651.0,612.0,47.42,0.48,Medium (Mitigation),1272.48
520954,Rajli,Dabhoi,22.165455,73.323543,789.0,183.0,47.66,0.634,Medium (Mitigation),500.226
520955,Anguthan,Dabhoi,22.159431,73.3033,1177.0,299.0,55.48,0.586,Medium (Mitigation),689.722
520960,Hansapura,Dabhoi,22.153796,73.382468,430.0,97.0,43.49,0.487,Medium (Mitigation),209.41
520961,Kajapur,Dabhoi,22.154333,73.39991,694.0,154.0,10.23,0.558,Medium (Mitigation),387.252
520972,Vega,Dabhoi,22.14562,73.385446,852.0,198.0,32.63,0.543,Medium (Mitigation),462.636
520974,Borbar,Dabhoi,22.136422,73.338357,1149.0,276.0,56.31,0.564,Medium (Mitigation),648.036
520956,Nariya,Dabhoi,22.138527,73.302603,1139.0,251.0,45.65,0.6,Medium (Mitigation),683.4
520971,Fartikui,Dabhoi,22.141432,73.372255,877.0,208.0,42.76,0.499,Medium (Mitigation),437.623
520975,Thikariya,Dabhoi,22.129972,73.310806,278.0,65.0,98.2,0.553,Medium (Mitigation),153.734
520976,Dangikuva,Dabhoi,22.127059,73.277309,389.0,81.0,40.62,0.586,Medium (Mitigation),227.95399999999998
519871,Mujar Gamdi,Vadodara Rural,22.208463,73.208264,494.0,114.0,35.22,0.49,Medium (Mitigation),242.06
519870,Vora Gamdi,Vadodara Rural,22.212751,73.219301,688.0,147.0,21.22,0.474,Medium (Mitigation),326.11199999999997
519869,Dhaniyavi,Vadodara Rural,22.206285,73.249285,2353.0,462.0,24.9,0.524,Medium (Mitigation),1232.972
519873,Varnama,Vadodara Rural,22.180305,73.185476,4251.0,951.0,30.82,0.449,Medium (Mitigation),1908.699
519874,Sundarpura,Vadodara Rural,22.184391,73.218524,1267.0,283.0,32.83,0.562,Medium (Mitigation),712.0540000000001
519877,Raghavpura,Vadodara Rural,22.186983,73.262388,850.0,176.0,27.29,0.556,Medium (Mitigation),472.6
519879,Patarveni,Vadodara Rural,22.173582,73.25714,721.0,173.0,56.17,0.634,Medium (Mitigation),457.11400000000003
519875,Shahpura,Vadodara Rural,22.177526,73.236638,493.0,118.0,48.48,0.626,Medium (Mitigation),308.618
519878,Samaspura,Vadodara Rural,22.177009,73.265683,961.0,224.0,59.94,0.66,High (Relocation Priority),634.26
519887,Hansapura,Vadodara Rural,22.163973,73.244571,308.0,76.0,47.08,0.605,Medium (Mitigation),186.34
519888,Mastupur Gamdi,Vadodara Rural,22.163233,73.277417,430.0,94.0,41.16,0.625,Medium (Mitigation),268.75
519881,Fatepura,Vadodara Rural,22.166403,73.223225,278.0,63.0,17.99,0.536,Medium (Mitigation),149.008
519892,Ajitpura,Vadodara Rural,22.153972,73.234141,190.0,41.0,18.95,0.564,Medium (Mitigation),107.16
519886,Kajapur,Vadodara Rural,22.156066,73.213603,462.0,108.0,5.63,0.575,Medium (Mitigation),265.65
519891,Salad,Vadodara Rural,22.148334,73.2608,1501.0,324.0,57.89,0.582,Medium (Mitigation),873.582
519885,Untiya Kajapur,Vadodara Rural,22.151983,73.198403,313.0,79.0,65.81,0.589,Medium (Mitigation),184.357
519889,Kandkoi,Vadodara Rural,22.152256,73.280713,155.0,37.0,40.65,0.477,Medium (Mitigation),73.935
519893,Dolatpura,Vadodara Rural,22.145677,73.218235,82.0,17.0,12.2,0.562,Medium (Mitigation),46.084
519894,Por,Vadodara Rural,22.134139,73.195065,7342.0,1627.0,24.38,0.628,Medium (Mitigation),4610.776
519900,Ankhi,Vadodara Rural,22.129567,73.203911,1179.0,243.0,19.76,0.589,Medium (Mitigation),694.4309999999999
519903,Rasulpur,Vadodara Rural,22.140617,73.233564,68.0,13.0,58.82,0.623,Medium (Mitigation),42.364
519904,Runvad,Vadodara Rural,22.127215,73.239275,1400.0,315.0,44.5,0.61,Medium (Mitigation),854.0
519902,Ramnath,Vadodara Rural,22.134989,73.223695,1239.0,228.0,2.1,0.543,Medium (Mitigation),672.777
519901,Fajalpur Ankhi,Vadodara Rural,22.123439,73.221401,579.0,125.0,12.95,0.525,Medium (Mitigation),303.975
521039,Jaspur,Padra,22.286455,73.060154,7658.0,1530.0,5.08,0.538,Medium (Mitigation),4120.004
521043,Umaraya,Padra,22.268181,73.02998,4115.0,775.0,1.36,0.582,Medium (Mitigation),2394.93
521041,Tajpura,Padra,22.266245,73.069227,1720.0,360.0,20.12,0.56,Medium (Mitigation),963.2
521042,Luna,Padra,22.26456,73.049273,2739.0,521.0,9.6,0.591,Medium (Mitigation),1618.749
521040,Sangma,Padra,22.264793,73.087969,3096.0,664.0,13.02,0.55,Medium (Mitigation),1702.8000000000002
521044,Ekalbara,Padra,22.256383,73.017797,4435.0,917.0,2.21,0.586,Medium (Mitigation),2598.91
521045,Mujpur,Padra,22.245552,72.992466,9410.0,1923.0,4.39,0.597,Medium (Mitigation),5617.7699999999995
521058,Dabhasa,Padra,22.23737,73.038788,8337.0,1708.0,8.29,0.523,Medium (Mitigation),4360.251
521059,Sokhdakhurd,Padra,22.244837,73.11375,2139.0,462.0,24.4,0.589,Medium (Mitigation),1259.8709999999999
521057,Mahuvad,Padra,22.234796,73.013282,2564.0,534.0,9.56,0.494,Medium (Mitigation),1266.616
521061,Darapura,Padra,22.228044,73.106676,3032.0,666.0,15.2,0.649,Medium (Mitigation),1967.768
521060,Patod,Padra,22.225549,73.120499,2479.0,532.0,16.9,0.621,Medium (Mitigation),1539.459
521055,Narsipura,Padra,22.229941,72.973697,3447.0,729.0,0.52,0.622,Medium (Mitigation),2144.034
521056,Dhobikuwa,Padra,22.22517,73.002439,3392.0,710.0,0.18,0.6,Medium (Mitigation),2035.1999999999998
521063,Latipura,Padra,22.222343,73.058454,2702.0,592.0,20.91,0.55,Medium (Mitigation),1486.1000000000001
521062,Ghayaj,Padra,22.219221,73.082331,2667.0,594.0,25.12,0.571,Medium (Mitigation),1522.857
521054,Somjipura,Padra,22.215018,72.968122,2480.0,518.0,1.25,0.598,Medium (Mitigation),1483.04
519844,Sindhrot,Vadodara Rural,22.328932,73.071113,7027.0,1480.0,2.8,0.542,Medium (Mitigation),3808.6340000000005
519842,Ankodiya,Vadodara Rural,22.334255,73.122831,4608.0,937.0,26.41,0.624,Medium (Mitigation),2875.392
519825,Rayaka,Vadodara Rural,22.439928,73.10356,1981.0,361.0,6.71,0.523,Medium (Mitigation),1036.063
519826,Sankarda,Vadodara Rural,22.433457,73.127512,7460.0,1472.0,5.12,0.532,Medium (Mitigation),3968.7200000000003
519828,Sokhda,Vadodara Rural,22.424976,73.16211,12610.0,2454.0,10.06,0.591,Medium (Mitigation),7452.509999999999
519829,Padmala,Vadodara Rural,22.415159,73.132252,5446.0,1059.0,10.72,0.557,Medium (Mitigation),3033.4220000000005
519832,Ajod,Vadodara Rural,22.40144,73.158016,2661.0,526.0,16.27,0.395,Low (Monitoring),1051.095
519831,Anagadh,Vadodara Rural,22.373755,73.080302,14780.0,2815.0,3.83,0.578,Medium (Mitigation),8542.84
519836,Dhanora,Vadodara Rural,22.379574,73.097867,4006.0,864.0,7.16,0.599,Medium (Mitigation),2399.594
519837,Kotna,Vadodara Rural,22.359605,73.058884,2902.0,594.0,0.48,0.579,Medium (Mitigation),1680.2579999999998
519848,Khanpur,Vadodara Rural,22.318836,73.118396,1466.0,304.0,13.17,0.49,Medium (Mitigation),718.34
519843,Sherkhi,Vadodara Rural,22.33714,73.093718,9464.0,1841.0,4.21,0.453,Medium (Mitigation),4287.192
519859,Chapad,Vadodara Rural,22.229309,73.156898,2419.0,530.0,26.0,0.634,Medium (Mitigation),1533.646
519846,Ampad,Vadodara Rural,22.303464,73.085825,1610.0,296.0,2.8,0.428,Medium (Mitigation),689.08
519847,Mahapura,Vadodara Rural,22.302753,73.103757,1601.0,268.0,4.62,0.655,High (Relocation Priority),1048.655
519845,Hinglot,Vadodara Rural,22.293659,73.078092,1057.0,206.0,1.7,0.579,Medium (Mitigation),612.0029999999999
519851,Raypura,Vadodara Rural,22.279864,73.09255,5619.0,1085.0,0.61,0.544,Medium (Mitigation),3056.7360000000003
519852,Gokalpura,Vadodara Rural,22.266038,73.114605,1032.0,208.0,25.0,0.621,Medium (Mitigation),640.872
519853,Samiyala,Vadodara Rural,22.25584,73.124736,6364.0,1315.0,10.39,0.584,Medium (Mitigation),3716.5759999999996
519830,Fajalpur Sankarda,Vadodara Rural,22.426235,73.087611,4740.0,950.0,3.76,0.581,Medium (Mitigation),2753.9399999999996
251214,Padra,Padra,22.244951,73.080335,46660.0,9579.0,28.63,0.476,Medium (Mitigation),22210.16
520926,Kunvarwada,Dabhoi,22.252725,73.337496,1014.0,215.0,34.32,0.581,Medium (Mitigation),589.134
520927,Vanadra,Dabhoi,22.238186,73.364509,2531.0,547.0,40.1,0.537,Medium (Mitigation),1359.1470000000002
520925,Saguwada,Dabhoi,22.240843,73.32019,840.0,162.0,38.57,0.594,Medium (Mitigation),498.96
520924,Malharpura,Dabhoi,22.238425,73.302594,370.0,85.0,13.51,0.63,Medium (Mitigation),233.1
520939,Dholar,Dabhoi,22.222189,73.395816,2049.0,491.0,42.46,0.525,Medium (Mitigation),1075.7250000000001
520928,Mavli,Dabhoi,22.221537,73.342496,962.0,212.0,57.59,0.528,Medium (Mitigation),507.93600000000004
520923,Rasulpura,Dabhoi,22.22173,73.317514,376.0,90.0,60.9,0.528,Medium (Mitigation),198.52800000000002
519818,Indrad,Savli,22.439792,73.273307,1912.0,422.0,36.77,0.6,Medium (Mitigation),1147.2
519817,Pilol,Savli,22.422196,73.230199,3242.0,646.0,16.19,0.631,Medium (Mitigation),2045.702
519833,Asoj,Vadodara Rural,22.421,73.199415,3801.0,827.0,18.71,0.459,Medium (Mitigation),1744.659
519834,Virod,Vadodara Rural,22.394473,73.226574,2461.0,506.0,47.3,0.566,Medium (Mitigation),1392.926
519839,Sukhlipur,Vadodara Rural,22.374111,73.255936,942.0,185.0,37.26,0.671,High (Relocation Priority),632.082
519838,Dena,Vadodara Rural,22.365988,73.221735,2565.0,480.0,25.22,0.65,Medium (Mitigation),1667.25
519841,Kotali,Vadodara Rural,22.35516,73.235373,1269.0,266.0,42.71,0.588,Medium (Mitigation),746.1719999999999
519840,Amaliyara,Vadodara Rural,22.362429,73.256445,1618.0,344.0,57.42,0.553,Medium (Mitigation),894.7540000000001
519849,Ankhol,Vadodara Rural,22.304008,73.270046,1129.0,233.0,56.69,0.637,Medium (Mitigation),719.173
519850,Khatamba,Vadodara Rural,22.286521,73.27036,920.0,190.0,50.43,0.636,Medium (Mitigation),585.12
519854,Shankarpura,Vadodara Rural,22.275823,73.272863,751.0,167.0,36.09,0.567,Medium (Mitigation),425.81699999999995
519864,Tatarpura,Vadodara Rural,22.265645,73.294879,1046.0,233.0,45.89,0.514,Medium (Mitigation),537.644
519855,Jobantekri,Vadodara Rural,22.267751,73.281069,430.0,92.0,81.86,0.604,Medium (Mitigation),259.71999999999997
519856,Ratanpur,Vadodara Rural,22.268483,73.256635,1508.0,344.0,41.45,0.606,Medium (Mitigation),913.848
519868,Kelanpur,Vadodara Rural,22.242363,73.281591,2929.0,614.0,50.46,0.46,Medium (Mitigation),1347.3400000000001
519857,Vadadla,Vadodara Rural,22.248199,73.250718,2303.0,503.0,17.89,0.566,Medium (Mitigation),1303.4979999999998
519865,Sultanpura,Vadodara Rural,22.245836,73.303381,298.0,75.0,34.56,0.597,Medium (Mitigation),177.906
519863,Navapura,Vadodara Rural,22.242051,73.265192,387.0,73.0,0.0,0.583,Medium (Mitigation),225.62099999999998
519862,Alhadpura,Vadodara Rural,22.230247,73.265911,991.0,217.0,34.01,0.611,Medium (Mitigation),605.501
519867,Hetampura,Vadodara Rural,22.227236,73.2839,1504.0,317.0,1.2,0.659,High (Relocation Priority),991.1360000000001
519866,Diwalipura,Vadodara Rural,22.228,73.295272,661.0,136.0,21.63,0.542,Medium (Mitigation),358.262
519860,Maretha,Vadodara Rural,22.223075,73.183108,1918.0,403.0,18.2,0.669,High (Relocation Priority),1283.142
251209,Vadodara,Vadodara Rural,22.306225,73.182732,1752371.0,393887.0,28.63,0.474,Medium (Mitigation),830623.8539999999
519938,Panch Devla,Vaghodia,22.43723,73.378274,867.0,179.0,21.8,0.547,Medium (Mitigation),474.249
519939,Abhrampura,Vaghodia,22.430948,73.384792,627.0,147.0,19.62,0.566,Medium (Mitigation),354.88199999999995
519936,Kamrol,Vaghodia,22.426497,73.295766,2097.0,441.0,46.78,0.528,Medium (Mitigation),1107.2160000000001
519942,Kodarvaya,Vaghodia,22.415313,73.384313,398.0,88.0,71.11,0.612,Medium (Mitigation),243.576
519935,Amreshwar,Vaghodia,22.413419,73.264611,480.0,106.0,45.0,0.607,Medium (Mitigation),291.36
519950,Kotambi,Vaghodia,22.396152,73.312378,3740.0,755.0,47.57,0.575,Medium (Mitigation),2150.5
519937,Lilora,Vaghodia,22.428497,73.363664,1698.0,371.0,28.03,0.508,Medium (Mitigation),862.5840000000001
519943,Vyankatpura,Vaghodia,22.404352,73.368516,592.0,134.0,63.68,0.622,Medium (Mitigation),368.224
519945,Rahkui,Vaghodia,22.408263,73.335659,773.0,169.0,80.6,0.564,Medium (Mitigation),435.972
519946,Ganeshpura,Vaghodia,22.402363,73.274967,981.0,204.0,40.06,0.599,Medium (Mitigation),587.619
519944,Amrutpura,Vaghodia,22.398513,73.352163,409.0,88.0,90.46,0.714,High (Relocation Priority),292.026
519947,Bhaniyara,Vaghodia,22.393587,73.264179,1796.0,405.0,26.28,0.522,Medium (Mitigation),937.5120000000001
519954,Jafarpura,Vaghodia,22.389601,73.367701,358.0,81.0,53.35,0.586,Medium (Mitigation),209.78799999999998
519952,Intoli,Vaghodia,22.38544,73.332133,1060.0,204.0,2.92,0.492,Medium (Mitigation),521.52
519953,Rasulabad,Vaghodia,22.379755,73.345826,2279.0,453.0,43.97,0.51,Medium (Mitigation),1162.29
519957,Rayan Talavadi,Vaghodia,22.369731,73.378642,1597.0,336.0,24.67,0.581,Medium (Mitigation),927.857
519948,Bhaupura,Vaghodia,22.379426,73.279252,663.0,143.0,28.21,0.557,Medium (Mitigation),369.29100000000005
519951,Sakariya,Vaghodia,22.370251,73.321545,654.0,163.0,62.84,0.611,Medium (Mitigation),399.594
519949,Kumetha,Vaghodia,22.36591,73.282281,1595.0,298.0,18.06,0.516,Medium (Mitigation),823.02
519958,Morlipura,Vaghodia,22.361659,73.295115,993.0,209.0,17.72,0.56,Medium (Mitigation),556.08
519962,Raval,Vaghodia,22.347207,73.346467,2702.0,575.0,40.64,0.508,Medium (Mitigation),1372.616
519963,Sanoli,Vaghodia,22.346867,73.382726,1202.0,250.0,50.42,0.648,Medium (Mitigation),778.8960000000001
519961,Nimetha,Vaghodia,22.346736,73.31377,2328.0,458.0,55.28,0.541,Medium (Mitigation),1259.448
519960,Jesangpura,Vaghodia,22.337236,73.288132,811.0,162.0,29.84,0.595,Medium (Mitigation),482.54499999999996
519978,Chipad,Vaghodia,22.331109,73.336834,944.0,204.0,16.84,0.582,Medium (Mitigation),549.408
519984,Gajadra,Vaghodia,22.320324,73.360103,1685.0,366.0,45.22,0.521,Medium (Mitigation),877.885
519979,Navi Jambuvai,Vaghodia,22.331554,73.307663,491.0,116.0,35.64,0.586,Medium (Mitigation),287.726
519959,Sikandarpura,Vaghodia,22.333964,73.270463,2905.0,653.0,11.6,0.675,High (Relocation Priority),1960.8750000000002
519982,Shripore Timbi,Vaghodia,22.316,73.300323,670.0,142.0,40.6,0.609,Medium (Mitigation),408.03
519977,Khandha,Vaghodia,22.325434,73.374753,1128.0,223.0,52.3,0.652,High (Relocation Priority),735.456
519976,Nava Ajva,Vaghodia,22.323725,73.395499,869.0,200.0,46.61,0.619,Medium (Mitigation),537.911
519980,Bakrol,Vaghodia,22.323132,73.284063,1017.0,190.0,49.26,0.615,Medium (Mitigation),625.455
520006,Ropa,Vaghodia,22.267676,73.333045,633.0,127.0,30.02,0.72,High (Relocation Priority),455.76
519983,Bhadol Khurd,Vaghodia,22.318998,73.322901,458.0,101.0,22.27,0.577,Medium (Mitigation),264.26599999999996
519981,Hanumanpura,Vaghodia,22.315167,73.270079,504.0,121.0,41.47,0.594,Medium (Mitigation),299.376
520000,Alva,Vaghodia,22.308185,73.32646,2066.0,415.0,22.07,0.562,Medium (Mitigation),1161.092
520001,Amodar,Vaghodia,22.298566,73.303627,1591.0,348.0,21.43,0.483,Medium (Mitigation),768.453
520007,Limda,Vaghodia,22.283762,73.362083,2608.0,574.0,54.68,0.557,Medium (Mitigation),1452.6560000000002
519999,Kamlapura,Vaghodia,22.287513,73.334125,433.0,81.0,66.97,0.621,Medium (Mitigation),268.893
519998,Dattapura,Vaghodia,22.290134,73.350391,40.0,10.0,50.0,0.548,Medium (Mitigation),21.92
520003,Pipaliya,Vaghodia,22.286007,73.31567,1320.0,291.0,56.29,0.434,Medium (Mitigation),572.88
520002,Pavlepur,Vaghodia,22.284299,73.289908,1313.0,308.0,38.23,0.459,Medium (Mitigation),602.667
520008,Madheli,Vaghodia,22.265344,73.374207,2057.0,434.0,37.72,0.556,Medium (Mitigation),1143.692
520004,Umarva,Vaghodia,22.269155,73.310472,1090.0,265.0,34.95,0.497,Medium (Mitigation),541.73
520005,Mastupura,Vaghodia,22.258596,73.318803,487.0,131.0,62.63,0.646,Medium (Mitigation),314.60200000000003
520019,Falod,Vaghodia,22.251891,73.393337,1903.0,422.0,23.7,0.642,Medium (Mitigation),1221.726
519927,Alamgir,Vadodara Rural,22.211725,73.197007,0.0,0.0,28.63,0.48,Medium (Mitigation),0.0
519906,Nandesari,Vadodara Rural,22.41435,73.095614,8290.0,1717.0,28.63,0.461,Medium (Mitigation),3821.69
519909,Bajwa,Vadodara Rural,22.366252,73.140935,9611.0,1906.0,28.63,0.472,Medium (Mitigation),4536.392
519907,Ranoli,Vadodara Rural,22.398552,73.131306,11726.0,2511.0,28.63,0.447,Medium (Mitigation),5241.522
519908,Karachiya,Vadodara Rural,22.379471,73.131637,7103.0,1565.0,28.63,0.471,Medium (Mitigation),3345.513
519910,Jawaharnagar Gujarat Refinery CT,Vadodara Rural,22.359056,73.132399,3417.0,884.0,28.63,0.483,Medium (Mitigation),1650.411
802593,Nandesari INA,Vadodara Rural,22.403717,73.104746,3679.0,833.0,28.63,0.498,Medium (Mitigation),1832.142
802595,GSFC Complex INA,Vadodara Rural,22.372328,73.152346,2242.0,574.0,28.63,0.464,Medium (Mitigation),1040.288
802594,Petro Chemical Complex INA,Vadodara Rural,22.389119,73.111768,1951.0,603.0,28.63,0.456,Medium (Mitigation),889.6560000000001
519911,Undera,Vadodara Rural,22.343372,73.137039,16902.0,3434.0,28.63,0.471,Medium (Mitigation),7960.842
519919,Dasharath,Vadodara Rural,22.385983,73.157488,0.0,0.0,28.63,0.452,Medium (Mitigation),0.0
999999,Sayaji Sarovar,Vaghodia,22.380487,73.406611,0.0,0.0,28.63,0.472,Medium (Mitigation),0.0
519923,Gorva OG,Vadodara Rural,22.338225,73.15438,0.0,0.0,28.63,0.468,Medium (Mitigation),0.0
519924,Sevasi,Vadodara Rural,22.306627,73.117423,0.0,0.0,28.63,0.5,Medium (Mitigation),0.0
519918,Kalali OG,Vadodara Rural,22.250808,73.16557,0.0,0.0,28.63,0.503,Medium (Mitigation),0.0
519925,Bhayli,Vadodara Rural,22.281721,73.121784,0.0,0.0,28.63,0.494,Medium (Mitigation),0.0
519926,Bil,Vadodara Rural,22.248134,73.140536,0.0,0.0,28.63,0.478,Medium (Mitigation),0.0
519913,Karodiya OG,Vadodara Rural,22.349552,73.162735,0.0,0.0,28.63,0.467,Medium (Mitigation),0.0
519912,Tarsali CT,Vadodara Rural,22.246946,73.229342,4929.0,1081.0,28.63,0.498,Medium (Mitigation),2454.642
520022,Jarod CT,Vaghodia,22.429672,73.332882,7200.0,1601.0,28.63,0.488,Medium (Mitigation),3513.6
520023,Vaghodia CT,Vaghodia,22.297497,73.39063,16604.0,3604.0,28.63,0.456,Medium (Mitigation),7571.424
802598,Vaghodia INA,Vaghodia,22.311117,73.38898,248.0,60.0,28.63,0.491,Medium (Mitigation),121.768
519921,Dumad,Vadodara Rural,22.376152,73.201184,0.0,0.0,28.63,0.473,Medium (Mitigation),0.0
519922,Vemali,Vadodara Rural,22.35407,73.209843,0.0,0.0,28.63,0.498,Medium (Mitigation),0.0
519916,Sayajipura OG,Vadodara Rural,22.325296,73.25876,0.0,0.0,28.63,0.437,Medium (Mitigation),0.0
519917,Bapod OG,Vadodara Rural,22.299225,73.259733,0.0,0.0,28.63,0.473,Medium (Mitigation),0.0
519914,Harni OG,Vadodara Rural,22.344634,73.257466,0.0,0.0,28.63,0.46,Medium (Mitigation),0.0
520943,Bamboj,Dabhoi,22.211975,73.457983,1331.0,289.0,33.66,0.601,Medium (Mitigation),799.9309999999999
520945,Lunadra,Dabhoi,22.206681,73.479518,245.0,55.0,71.02,0.548,Medium (Mitigation),134.26000000000002
520942,Naranpura,Dabhoi,22.204176,73.42546,180.0,41.0,6.67,0.576,Medium (Mitigation),103.67999999999999
520946,Simaliya,Dabhoi,22.19153,73.482411,3180.0,669.0,61.01,0.547,Medium (Mitigation),1739.46
520947,Sunvalja,Dabhoi,22.193872,73.456124,492.0,100.0,12.8,0.475,Medium (Mitigation),233.7
520941,Karalipura,Dabhoi,22.196452,73.417099,306.0,71.0,83.01,0.674,High (Relocation Priority),206.244
520948,Dangiwada,Dabhoi,22.186472,73.434297,737.0,160.0,43.83,0.597,Medium (Mitigation),439.989
520965,Gopalpura,Dabhoi,22.169907,73.49663,517.0,107.0,74.27,0.439,Medium (Mitigation),226.963
520950,Vasaipura,Dabhoi,22.178906,73.405451,534.0,120.0,11.24,0.446,Medium (Mitigation),238.16400000000002
520949,Pragpura,Dabhoi,22.180934,73.423394,425.0,93.0,75.29,0.599,Medium (Mitigation),254.575
520964,Akotadar,Dabhoi,22.17537,73.463987,1395.0,266.0,92.9,0.58,Medium (Mitigation),809.0999999999999
520963,Pansoli,Dabhoi,22.166243,73.452333,2213.0,425.0,72.39,0.623,Medium (Mitigation),1378.699
520962,Morpura,Dabhoi,22.16282,73.420509,492.0,95.0,48.37,0.666,High (Relocation Priority),327.672
520966,Vadhvana,Dabhoi,22.150349,73.491283,1357.0,301.0,50.33,0.589,Medium (Mitigation),799.2729999999999
520967,Samsherpura,Dabhoi,22.150824,73.481159,383.0,93.0,99.48,0.728,High (Relocation Priority),278.824
520968,Kukad,Dabhoi,22.143096,73.46806,1501.0,278.0,57.63,0.606,Medium (Mitigation),909.606
520969,Timbi,Dabhoi,22.15226,73.418344,1001.0,204.0,62.74,0.604,Medium (Mitigation),604.6039999999999
520970,Tarsana,Dabhoi,22.143425,73.407585,1108.0,228.0,48.19,0.573,Medium (Mitigation),634.8839999999999
520944,Amreshwar,Dabhoi,22.227089,73.472862,788.0,212.0,46.83,0.57,Medium (Mitigation),449.15999999999997
519975,Madodhar,Vaghodia,22.324726,73.419003,4634.0,984.0,28.85,0.603,Medium (Mitigation),2794.302
519974,Sangadol,Vaghodia,22.317903,73.442354,2626.0,561.0,27.38,0.449,Medium (Mitigation),1179.074
519971,Chipat,Vaghodia,22.326852,73.514534,408.0,76.0,14.46,0.48,Medium (Mitigation),195.84
520012,Kachhota,Vaghodia,22.265121,73.51416,263.0,70.0,34.6,0.59,Medium (Mitigation),155.17
519988,Vedpur,Vaghodia,22.312013,73.529351,1603.0,343.0,18.4,0.51,Medium (Mitigation),817.53
519986,Ghodadra,Vaghodia,22.305494,73.459221,1564.0,323.0,38.94,0.622,Medium (Mitigation),972.808
519987,Asha,Vaghodia,22.308156,73.496906,336.0,87.0,47.62,0.597,Medium (Mitigation),200.59199999999998
519989,Moti Manekpur,Vaghodia,22.298435,73.531655,806.0,158.0,23.95,0.573,Medium (Mitigation),461.83799999999997
519993,Vasvel,Vaghodia,22.296555,73.472661,1880.0,436.0,50.11,0.468,Medium (Mitigation),879.84
519992,Saidal,Vaghodia,22.286926,73.50285,1792.0,358.0,60.32,0.609,Medium (Mitigation),1091.328
519985,Timbi,Vaghodia,22.299284,73.418253,685.0,148.0,13.43,0.451,Medium (Mitigation),308.935
519996,Dankheda,Vaghodia,22.286677,73.436341,794.0,161.0,50.76,0.607,Medium (Mitigation),481.95799999999997
519990,Nani Manekpur,Vaghodia,22.288167,73.543629,207.0,46.0,44.44,0.648,Medium (Mitigation),134.136
519997,Tavra,Vaghodia,22.286469,73.417679,1427.0,290.0,35.88,0.518,Medium (Mitigation),739.186
519994,Chandpur,Vaghodia,22.285523,73.475938,378.0,85.0,61.9,0.599,Medium (Mitigation),226.422
520013,Rustampura,Vaghodia,22.276456,73.536888,1460.0,288.0,60.07,0.658,High (Relocation Priority),960.6800000000001
519995,Ambali,Vaghodia,22.278101,73.446408,934.0,206.0,35.01,0.569,Medium (Mitigation),531.4459999999999
520010,Gugalpur,Vaghodia,22.267272,73.467115,448.0,105.0,50.89,0.501,Medium (Mitigation),224.448
520009,Vejalpur,Vaghodia,22.27193,73.405579,1589.0,346.0,38.77,0.676,High (Relocation Priority),1074.164
520011,Khervadi,Vaghodia,22.262781,73.483262,1207.0,253.0,70.17,0.551,Medium (Mitigation),665.057
520018,Vyara,Vaghodia,22.252538,73.422919,4994.0,1097.0,63.42,0.629,Medium (Mitigation),3141.226
520014,Ghoda,Vaghodia,22.264944,73.528892,554.0,116.0,3.97,0.593,Medium (Mitigation),328.522
520015,Nurpuri,Vaghodia,22.255319,73.516521,356.0,86.0,4.21,0.522,Medium (Mitigation),185.832
520016,Tarsva,Vaghodia,22.247893,73.482445,1537.0,276.0,57.64,0.585,Medium (Mitigation),899.145
520017,Jambuwada,Vaghodia,22.235421,73.446638,1233.0,281.0,77.45,0.658,High (Relocation Priority),811.3140000000001
520020,Antoli,Vaghodia,22.221961,73.417043,1292.0,303.0,56.73,0.627,Medium (Mitigation),810.084
520021,Karamliya Pura,Vaghodia,22.217807,73.437697,1336.0,275.0,69.39,0.606,Medium (Mitigation),809.616
519991,Koba,Vaghodia,22.284556,73.521797,0.0,0.0,28.63,0.536,Medium (Mitigation),0.0
519940,Adiran,Vaghodia,22.436866,73.411595,2423.0,518.0,12.34,0.645,Medium (Mitigation),1562.835
519955,Navgam,Vaghodia,22.407331,73.435575,1353.0,312.0,22.91,0.558,Medium (Mitigation),754.974
519941,Karmasiya Kheda,Vaghodia,22.410759,73.412333,3574.0,728.0,22.19,0.531,Medium (Mitigation),1897.794
519956,Gutal,Vaghodia,22.373695,73.447886,3767.0,770.0,21.79,0.401,Medium (Mitigation),1510.567
519964,Juna Rampura,Vaghodia,22.3582,73.410424,1280.0,269.0,56.25,0.644,Medium (Mitigation),824.32
519967,Dundelav,Vaghodia,22.347733,73.465353,599.0,117.0,40.73,0.526,Medium (Mitigation),315.074
519973,Goraj,Vaghodia,22.332591,73.47929,5093.0,1073.0,42.67,0.601,Medium (Mitigation),3060.893
519965,Nava Rampura,Vaghodia,22.344775,73.408848,608.0,123.0,13.82,0.575,Medium (Mitigation),349.59999999999997
519966,Vesaniya,Vaghodia,22.342325,73.438877,1007.0,224.0,4.77,0.5,Medium (Mitigation),503.5
519968,Valva,Vaghodia,22.342418,73.503181,700.0,151.0,20.57,0.598,Medium (Mitigation),418.59999999999997
519969,Hamirpuri,Vaghodia,22.339955,73.525062,127.0,32.0,64.57,0.618,Medium (Mitigation),78.486
519970,Dharola,Vaghodia,22.334722,73.546397,283.0,60.0,27.56,0.417,Medium (Mitigation),118.011
519972,Gambhirpura,Vaghodia,22.333731,73.521104,711.0,137.0,35.3,0.657,High (Relocation Priority),467.127
519768,Wankaner,Savli,22.552458,73.177017,8770.0,1598.0,7.17,0.54,Medium (Mitigation),4735.8
519787,Bhadarva,Savli,22.510437,73.129922,5951.0,1253.0,7.14,0.544,Medium (Mitigation),3237.344
519794,Ranipura B,Savli,22.50843,73.174065,482.0,96.0,0.0,0.533,Medium (Mitigation),256.906
519790,Khandi,Savli,22.499195,73.100319,1467.0,300.0,0.95,0.64,Medium (Mitigation),938.88
519789,Jalampura,Savli,22.502329,73.105973,837.0,163.0,0.0,0.594,Medium (Mitigation),497.178
519792,Raniya,Savli,22.495709,73.133102,3279.0,705.0,10.95,0.586,Medium (Mitigation),1921.494
519793,Mahapura,Savli,22.495327,73.160927,694.0,139.0,2.74,0.61,Medium (Mitigation),423.34
519810,Anjesar,Savli,22.480895,73.17266,2334.0,438.0,14.4,0.615,Medium (Mitigation),1435.41
519791,Poicha Raniya,Savli,22.475894,73.114821,2945.0,590.0,20.92,0.538,Medium (Mitigation),1584.41
519811,Moksi,Savli,22.468066,73.147281,5706.0,1248.0,8.53,0.576,Medium (Mitigation),3286.656
519786,Bahidhara Alias Natvarnagar,Savli,22.512292,73.159483,3711.0,712.0,4.28,0.513,Medium (Mitigation),1903.743
519788,Parthampura Khandi,Savli,22.511161,73.118198,898.0,195.0,17.15,0.593,Medium (Mitigation),532.514
519824,Dodka,Vadodara Rural,22.455062,73.112726,3724.0,716.0,5.91,0.537,Medium (Mitigation),1999.788
519827,Vasna Kotariya,Vadodara Rural,22.447266,73.154772,3974.0,796.0,5.23,0.605,Medium (Mitigation),2404.27
519747,Ankaliya,Savli,22.616419,73.377167,1067.0,240.0,21.37,0.591,Medium (Mitigation),630.597
519756,Lachhanpura,Savli,22.614795,73.22513,1201.0,252.0,14.32,0.51,Medium (Mitigation),612.51
519750,Mevli,Savli,22.614616,73.329978,3775.0,755.0,7.42,0.549,Medium (Mitigation),2072.4750000000004
519748,Dhantej,Savli,22.597216,73.356397,5470.0,1173.0,11.81,0.562,Medium (Mitigation),3074.1400000000003
519795,Namisara,Savli,22.515105,73.189227,2102.0,476.0,14.03,0.532,Medium (Mitigation),1118.2640000000001
519734,Latva,Desar,22.667525,73.366624,1635.0,348.0,3.55,0.517,Medium (Mitigation),845.2950000000001
519724,Bhila,Desar,22.666808,73.359725,325.0,80.0,0.0,0.472,Medium (Mitigation),153.4
519730,Vansiya,Desar,22.664588,73.398534,1144.0,256.0,4.11,0.504,Medium (Mitigation),576.576
519722,Vaghanu Muvadu,Desar,22.657829,73.337583,361.0,84.0,1.66,0.393,Low (Monitoring),141.87300000000002
519721,Gorsan,Desar,22.66062,73.317646,717.0,136.0,0.0,0.54,Medium (Mitigation),387.18
519720,Shihora,Desar,22.657088,73.2868,6021.0,1208.0,7.64,0.549,Medium (Mitigation),3305.5290000000005
519733,Limdi,Desar,22.654626,73.385685,960.0,188.0,14.69,0.498,Medium (Mitigation),478.08
519731,Ghanta,Desar,22.65819,73.403154,163.0,32.0,0.0,0.551,Medium (Mitigation),89.813
519738,Nhara,Savli,22.646613,73.312436,2460.0,477.0,0.24,0.554,Medium (Mitigation),1362.8400000000001
519732,Andrakhiya,Desar,22.650172,73.392421,574.0,99.0,23.52,0.613,Medium (Mitigation),351.86199999999997
519737,Gutardi,Savli,22.642703,73.334373,1726.0,345.0,10.43,0.597,Medium (Mitigation),1030.422
519736,Sandhasal,Desar,22.644957,73.351477,4248.0,900.0,12.29,0.572,Medium (Mitigation),2429.8559999999998
519735,Vav,Desar,22.641302,73.3653,1145.0,249.0,0.0,0.493,Medium (Mitigation),564.485
519740,Ajabpura,Savli,22.641095,73.26504,2222.0,459.0,0.0,0.497,Medium (Mitigation),1104.334
519741,Amarapura,Savli,22.630837,73.247017,2071.0,454.0,3.43,0.551,Medium (Mitigation),1141.121
519745,Zumkha,Savli,22.628964,73.320551,1164.0,220.0,24.57,0.619,Medium (Mitigation),720.516
519746,Dipapura,Savli,22.627892,73.344346,1022.0,216.0,22.02,0.604,Medium (Mitigation),617.288
519751,Vitoj,Savli,22.612199,73.311078,1667.0,320.0,3.0,0.6,Medium (Mitigation),1000.1999999999999
519742,Kalupura,Savli,22.620001,73.252806,91.0,22.0,38.46,0.538,Medium (Mitigation),48.958000000000006
519749,Narpura,Savli,22.612873,73.347288,624.0,134.0,19.87,0.656,High (Relocation Priority),409.344
519752,Samantpura,Savli,22.610941,73.290607,30.0,9.0,0.0,0.453,Medium (Mitigation),13.59
519757,Rupankui,Savli,22.603019,73.212801,1963.0,428.0,0.66,0.463,Medium (Mitigation),908.869
519755,Rasawadi,Savli,22.606542,73.250407,1152.0,243.0,3.73,0.429,Medium (Mitigation),494.20799999999997
519753,Gangadiyapura,Savli,22.602837,73.281439,416.0,100.0,7.21,0.501,Medium (Mitigation),208.416
519760,Dungrapura,Savli,22.599649,73.324299,358.0,95.0,0.0,0.547,Medium (Mitigation),195.82600000000002
519758,Kanoda,Savli,22.596876,73.199142,4854.0,1074.0,2.35,0.588,Medium (Mitigation),2854.152
519759,Rasulpur,Savli,22.594845,73.232122,1466.0,306.0,15.69,0.533,Medium (Mitigation),781.378
519763,Vasanpura,Savli,22.584223,73.309628,920.0,220.0,6.96,0.385,Low (Monitoring),354.2
519766,Poicha Kanoda,Savli,22.583638,73.180915,5020.0,1046.0,1.25,0.537,Medium (Mitigation),2695.7400000000002
519764,Muval,Savli,22.578348,73.26441,1873.0,425.0,46.93,0.447,Medium (Mitigation),837.231
519761,Tulsipura,Savli,22.567101,73.363504,1344.0,278.0,37.5,0.578,Medium (Mitigation),776.832
519762,Kamalpura,Savli,22.574665,73.339106,607.0,122.0,53.54,0.589,Medium (Mitigation),357.52299999999997
519767,Mevaliapura,Savli,22.571804,73.181615,1130.0,205.0,0.44,0.612,Medium (Mitigation),691.56
519765,Sardarpura,Savli,22.567424,73.196341,526.0,118.0,2.28,0.579,Medium (Mitigation),304.554
519771,Moti Bhadol,Savli,22.548218,73.316037,1557.0,346.0,16.18,0.519,Medium (Mitigation),808.083
519770,Charanpura,Savli,22.561883,73.301134,930.0,195.0,4.52,0.43,Medium (Mitigation),399.9
519769,Javla,Savli,22.552921,73.254503,781.0,176.0,26.76,0.421,Medium (Mitigation),328.801
519772,Vadiya K,Savli,22.55089,73.339853,1396.0,317.0,17.48,0.491,Medium (Mitigation),685.436
519784,Gothada,Savli,22.535905,73.224501,9347.0,1902.0,7.57,0.5,Medium (Mitigation),4673.5
519782,Sherpura,Savli,22.546389,73.290402,1461.0,315.0,14.58,0.398,Low (Monitoring),581.4780000000001
519773,Mal Ankaliya,Savli,22.546901,73.358528,1007.0,228.0,13.11,0.4,Low (Monitoring),402.8
519774,Kambola,Savli,22.539939,73.389336,985.0,227.0,35.84,0.511,Medium (Mitigation),503.33500000000004
519779,Ranipura Samlaya,Savli,22.52818,73.342841,2038.0,451.0,2.06,0.585,Medium (Mitigation),1192.23
519780,Nani Bhadol,Savli,22.522203,73.317746,1465.0,345.0,28.33,0.541,Medium (Mitigation),792.565
519783,Karachiya,Savli,22.526843,73.263858,1387.0,287.0,5.98,0.492,Medium (Mitigation),682.404
519781,Samlaya,Savli,22.523995,73.290581,2232.0,469.0,14.52,0.534,Medium (Mitigation),1191.8880000000001
519785,Ranchhodpura,Savli,22.532442,73.183961,1569.0,289.0,0.0,0.624,Medium (Mitigation),979.056
519777,Mudhela,Savli,22.50827,73.397671,734.0,159.0,21.12,0.577,Medium (Mitigation),423.518
519778,Ghantiyal,Savli,22.517542,73.377275,1385.0,311.0,13.43,0.583,Medium (Mitigation),807.4549999999999
519796,Bautha,Savli,22.511578,73.213664,1541.0,321.0,14.41,0.558,Medium (Mitigation),859.878
519798,Pasva,Savli,22.501273,73.255812,1155.0,235.0,28.4,0.591,Medium (Mitigation),682.605
519799,Mota Motipura,Savli,22.504195,73.273909,312.0,77.0,33.01,0.44,Medium (Mitigation),137.28
519802,Lotna,Savli,22.504372,73.36037,1669.0,335.0,43.14,0.625,Medium (Mitigation),1043.125
519801,Gangadiya,Savli,22.505454,73.33713,2265.0,484.0,37.88,0.528,Medium (Mitigation),1195.92
519800,Pratapnagar,Savli,22.499167,73.293923,1488.0,297.0,44.89,0.419,Medium (Mitigation),623.472
519805,Vadadala,Savli,22.486995,73.319058,966.0,190.0,7.87,0.521,Medium (Mitigation),503.286
519797,Lasundra,Savli,22.501698,73.232756,1261.0,259.0,27.84,0.559,Medium (Mitigation),704.8990000000001
519803,Sadra,Savli,22.501871,73.377151,649.0,137.0,1.23,0.575,Medium (Mitigation),373.17499999999995
519809,Tundav,Savli,22.482954,73.20198,6102.0,1116.0,14.31,0.512,Medium (Mitigation),3124.224
519804,Adalwada,Savli,22.483591,73.353783,672.0,141.0,26.64,0.431,Medium (Mitigation),289.632
519807,Subhelav,Savli,22.48513,73.244201,590.0,137.0,33.9,0.634,Medium (Mitigation),374.06
519808,Paldi,Savli,22.480526,73.22466,749.0,151.0,22.3,0.485,Medium (Mitigation),363.265
519822,Dhanora,Savli,22.46833,73.335342,1254.0,255.0,26.87,0.521,Medium (Mitigation),653.3340000000001
519806,Chandranagar,Savli,22.474179,73.25903,191.0,38.0,47.64,0.479,Medium (Mitigation),91.48899999999999
519814,Lamdapura,Savli,22.468742,73.226131,880.0,161.0,47.16,0.608,Medium (Mitigation),535.04
519813,Manjusar,Savli,22.443886,73.19595,5001.0,1024.0,16.5,0.504,Medium (Mitigation),2520.504
519816,Alindra,Savli,22.453463,73.236236,622.0,151.0,34.89,0.58,Medium (Mitigation),360.76
519819,Khokhar,Savli,22.458132,73.261182,1108.0,230.0,13.36,0.549,Medium (Mitigation),608.292
519812,Kunpad,Savli,22.456832,73.177151,2788.0,581.0,4.38,0.523,Medium (Mitigation),1458.124
519823,Haripura,Savli,22.455581,73.339935,741.0,146.0,50.47,0.613,Medium (Mitigation),454.233
519821,Garadhiya,Savli,22.452432,73.313987,1719.0,367.0,43.92,0.55,Medium (Mitigation),945.45
519815,Zumkal,Savli,22.450561,73.219561,271.0,65.0,32.1,0.587,Medium (Mitigation),159.077
519723,Raipura Chhatrapura,Desar,22.665258,73.347779,426.0,98.0,1.64,0.537,Medium (Mitigation),228.762
519739,Gulabpura Shihora,Savli,22.632917,73.293216,581.0,125.0,0.0,0.575,Medium (Mitigation),334.075
519744,Gokalpura Ganeshpura,Savli,22.617289,73.293158,588.0,170.0,0.0,0.551,Medium (Mitigation),323.988
519743,Parthampura Shihora,Savli,22.614948,73.270947,2363.0,492.0,15.91,0.56,Medium (Mitigation),1323.2800000000002
519754,Dungripura Shihora,Savli,22.603431,73.264854,490.0,125.0,0.0,0.559,Medium (Mitigation),273.91
519820,Vemar,Savli,22.469814,73.281217,1971.0,403.0,19.74,0.483,Medium (Mitigation),951.9929999999999
519928,Bodidra,Vaghodia,22.478356,73.379884,1047.0,236.0,10.98,0.578,Medium (Mitigation),605.1659999999999
519934,Paldi,Vaghodia,22.455265,73.359683,1260.0,249.0,29.05,0.554,Medium (Mitigation),698.0400000000001
519933,Asoj,Vaghodia,22.458691,73.390985,1952.0,420.0,24.59,0.406,Medium (Mitigation),792.5120000000001
253247,Savli,Savli,22.568753,73.224165,18467.0,3608.0,28.63,0.404,Medium (Mitigation),7460.668000000001
519688,Udalpur,Desar,22.802194,73.396022,859.0,167.0,22.35,0.509,Medium (Mitigation),437.231
519691,Jambu Goral,Desar,22.775084,73.333488,4203.0,870.0,6.71,0.531,Medium (Mitigation),2231.793
519692,Varsada,Desar,22.762475,73.300533,8683.0,1762.0,7.16,0.486,Medium (Mitigation),4219.938
519701,Vejpur,Desar,22.742463,73.36421,3511.0,800.0,37.85,0.526,Medium (Mitigation),1846.786
519693,Waghpura,Desar,22.760329,73.26441,208.0,37.0,0.0,0.564,Medium (Mitigation),117.31199999999998
519694,Tansiya,Desar,22.750929,73.274869,917.0,149.0,0.0,0.495,Medium (Mitigation),453.915
519699,Desar,Desar,22.724372,73.31478,6396.0,1270.0,10.3,0.541,Medium (Mitigation),3460.2360000000003
519695,Himmatpura,Desar,22.742906,73.278312,1095.0,245.0,0.0,0.464,Medium (Mitigation),508.08000000000004
519696,Dungripura I,Desar,22.739024,73.271448,1110.0,210.0,0.0,0.504,Medium (Mitigation),559.44
519700,Valavav,Desar,22.723502,73.331573,904.0,185.0,27.88,0.517,Medium (Mitigation),467.368
519697,Intvad,Desar,22.7274,73.271766,1693.0,353.0,2.78,0.507,Medium (Mitigation),858.351
519702,Jesar Gopari,Desar,22.707522,73.377173,1881.0,437.0,5.79,0.461,Medium (Mitigation),867.1410000000001
519704,Kadachhala,Desar,22.70282,73.329977,1724.0,387.0,12.47,0.544,Medium (Mitigation),937.8560000000001
519703,Vaktapura,Desar,22.698117,73.353822,1184.0,227.0,0.51,0.44,Medium (Mitigation),520.96
519705,Manekla,Desar,22.704202,73.274686,572.0,118.0,0.0,0.58,Medium (Mitigation),331.76
519706,Moti Varnoli,Desar,22.692163,73.274425,1388.0,301.0,9.87,0.517,Medium (Mitigation),717.596
519712,Pipalchhat Vanto,Desar,22.694689,73.38464,310.0,70.0,0.0,0.583,Medium (Mitigation),180.73
519707,Nani Varnoli,Desar,22.691971,73.291851,263.0,69.0,3.8,0.556,Medium (Mitigation),146.228
519711,Dolatpura,Desar,22.692905,73.367228,484.0,122.0,27.07,0.618,Medium (Mitigation),299.112
519713,Rampuri Narpuri,Desar,22.6889,73.381596,508.0,110.0,0.0,0.608,Medium (Mitigation),308.864
519708,Chhalier,Desar,22.690042,73.310529,4027.0,859.0,5.31,0.568,Medium (Mitigation),2287.336
519710,Ghemalpura,Desar,22.688546,73.3522,404.0,95.0,12.38,0.594,Medium (Mitigation),239.976
519709,Vankaneda,Desar,22.689375,73.342643,1543.0,338.0,3.05,0.482,Medium (Mitigation),743.726
519718,Rajpur,Desar,22.681284,73.285408,578.0,126.0,0.0,0.539,Medium (Mitigation),311.54200000000003
519726,Pipalchhat,Desar,22.683959,73.394569,738.0,156.0,38.48,0.665,High (Relocation Priority),490.77000000000004
519714,Vadiya Pandu,Desar,22.681779,73.372321,226.0,47.0,2.21,0.466,Medium (Mitigation),105.316
519715,Rajupura,Desar,22.678101,73.357688,988.0,216.0,31.58,0.598,Medium (Mitigation),590.824
519716,Limdanu Muvadu,Desar,22.675546,73.343148,260.0,56.0,8.46,0.546,Medium (Mitigation),141.96
519725,Pandu,Desar,22.67458,73.381692,1911.0,361.0,12.04,0.52,Medium (Mitigation),993.72
519727,Sanpiya,Desar,22.676801,73.404608,814.0,159.0,0.0,0.523,Medium (Mitigation),425.72200000000004
519719,Pratappura,Desar,22.67092,73.295452,1904.0,399.0,1.58,0.63,Medium (Mitigation),1199.52
519698,Nani Varnoli Vanto,Desar,22.711908,73.279058,390.0,75.0,2.82,0.58,Medium (Mitigation),226.2
519717,Kalyan Patelnu Muvadu,Desar,22.67911,73.317626,218.0,46.0,0.0,0.557,Medium (Mitigation),121.42600000000002
519776,Singaniya,Savli,22.515372,73.408679,302.0,70.0,11.26,0.47,Medium (Mitigation),141.94
519775,Khakhariya,Savli,22.541527,73.404569,2023.0,432.0,24.47,0.379,Low (Monitoring),766.717
519929,Rajpura,Vaghodia,22.49415,73.408481,2277.0,469.0,2.46,0.556,Medium (Mitigation),1266.0120000000002
519930,Sarnej,Vaghodia,22.479316,73.412146,2297.0,482.0,26.86,0.51,Medium (Mitigation),1171.47
519932,Hansapura,Vaghodia,22.464653,73.405246,1216.0,266.0,9.46,0.603,Medium (Mitigation),733.2479999999999
519931,Khandiwada,Vaghodia,22.45873,73.420955,1033.0,220.0,23.81,0.573,Medium (Mitigation),591.909
519729,Kaslapura,Desar,22.661765,73.412087,758.0,162.0,9.37,0.479,Medium (Mitigation),363.082
519689,Tulsigam,Desar,22.772278,73.398801,1546.0,303.0,57.96,0.602,Medium (Mitigation),930.692
519690,Vachchhesar,Desar,22.764564,73.401582,2695.0,516.0,18.63,0.545,Medium (Mitigation),1468.775
519728,Mokampura,Desar,22.670578,73.41003,795.0,170.0,10.94,0.524,Medium (Mitigation),416.58000000000004
